t,x,y,z
0.0784833,-0.0602116,-0.164074,0.0641205
0.0809359,-0.0662207,-0.140718,0.0379423
0.0833885,-0.0730664,-0.116223,0.0138797
0.0858411,-0.0763406,-0.0899422,-0.00684222
0.0882937,-0.0788507,-0.0632791,-0.0268494
0.0907463,-0.0763396,-0.029072,-0.0476366
0.093199,-0.0727541,0.00674927,-0.0685907
0.0956516,-0.0661912,0.00774536,-0.112529
0.0981042,-0.0589912,0.00129056,-0.161385
0.100557,-0.0506552,-0.00444102,-0.196993
0.103009,-0.0420762,-0.0100179,-0.229768
0.105462,-0.0303327,-0.00561186,-0.252073
0.107915,-0.0179122,0.000929994,-0.272138
0.110367,-0.00241161,0.00761563,-0.258315
0.11282,0.0137561,0.0143324,-0.237152
0.115272,0.00896604,0.0119408,-0.209883
0.117725,-0.000529018,0.00750441,-0.181245
0.120178,-0.00604161,-0.00551955,-0.144956
0.12263,-0.0105975,-0.0206065,-0.10683
0.125083,-0.0114974,-0.0313379,-0.063241
0.127535,-0.0114233,-0.0409089,-0.0181968
0.129988,-0.0149003,-0.0500448,0.023406
0.132441,-0.019464,-0.0590476,0.0639555
0.134893,-0.018942,-0.0645,0.0965638
0.137346,-0.0165752,-0.0686646,0.126292
0.139798,-0.0111699,-0.0729079,0.150517
0.142251,-0.00442327,-0.077186,0.172313
0.144704,-0.00210518,-0.0786373,0.190726
0.147156,-0.00221848,-0.0785368,0.207281
0.149609,-0.00357386,-0.0813171,0.218285
0.152061,-0.00579386,-0.0861029,0.225423
0.154514,-0.0102923,-0.0910282,0.231339
0.156967,-0.0168397,-0.096079,0.236155
0.159419,-0.0212213,-0.0992254,0.236902
0.161872,-0.0230322,-0.100112,0.232819
0.164324,-0.0248038,-0.0994531,0.225449
0.166777,-0.0265121,-0.0963059,0.212784
0.16923,-0.0261776,-0.0905657,0.196895
0.171682,-0.0211873,-0.0789157,0.173658
0.174135,-0.0172411,-0.0688902,0.148098
0.176587,-0.0168808,-0.0644428,0.114557
0.17904,-0.0152075,-0.0596973,0.0808342
0.181493,-0.00586188,-0.0532095,0.046045
0.183945,0.00297302,-0.0468877,0.0123058
0.186398,0.00538875,-0.0426532,-0.00823556
0.188851,0.00749979,-0.0382959,-0.0287008
0.191303,-0.00150279,-0.0294628,-0.0463914
0.193756,-0.0105054,-0.0206297,-0.064082
0.196208,-0.00595018,-0.0095339,-0.0813262
0.198661,-0.00111359,0.00160882,-0.0985612
0.201114,-0.00497879,3.60372e-05,-0.10693
0.203566,-0.00947237,-0.00245496,-0.114658
0.206019,-0.0139284,0.00343498,-0.110167
0.208471,-0.0183796,0.0104072,-0.104099
0.210924,-0.0228197,0.0155898,-0.102041
0.213377,-0.0272576,0.0204281,-0.100754
0.215829,-0.0243983,0.0144805,-0.0887027
0.218282,-0.0196179,0.00569352,-0.0738175
0.220734,-0.0133071,-0.00453764,-0.0575416
0.223187,-0.00647135,-0.0152641,-0.0407886
0.22564,-0.00613746,-0.0194419,-0.0179616
0.228092,-0.00862188,-0.020781,0.00749836
0.230545,-0.00806514,-0.0236355,0.0296019
0.232997,-0.00587528,-0.0273037,0.0499031
0.23545,-0.00230885,-0.0323657,0.0685565
0.237903,0.00216154,-0.038343,0.086128
0.240355,0.00278606,-0.0456745,0.106048
0.242808,0.000347181,-0.0540848,0.127838
0.24526,0.000266386,-0.0590253,0.142412
0.247713,0.00245455,-0.0606271,0.150042
0.250166,0.00467018,-0.0591632,0.155508
0.252618,0.00691769,-0.0541386,0.158459
0.255071,0.00536947,-0.0511616,0.156649
0.257523,-0.00151528,-0.0510635,0.148148
0.259976,-0.00664107,-0.0485022,0.138885
0.262429,-0.0087544,-0.0417224,0.128317
0.264881,-0.010839,-0.0357676,0.115619
0.267334,-0.012863,-0.0315527,0.0984309
0.269786,-0.0148827,-0.0273542,0.0794516
0.272239,-0.0168913,-0.0231991,0.0557429
0.274692,-0.0183748,-0.0200901,0.0326622
0.277144,-0.0180776,-0.0205299,0.0117121
0.279597,-0.0182065,-0.0213583,-0.00875339
0.282049,-0.0202679,-0.0239496,-0.0270209
0.284502,-0.0220311,-0.0255943,-0.0430986
0.286955,-0.0218606,-0.0211041,-0.0449831
0.289407,-0.0214958,-0.0170015,-0.0476627
0.29186,-0.0190833,-0.0169846,-0.0587206
0.294312,-0.0166737,-0.0171414,-0.0694982
0.296765,-0.0143341,-0.0214998,-0.0734923
0.299218,-0.0119946,-0.0258582,-0.0774864
0.30167,-0.00744385,-0.0208259,-0.0609102
0.304123,-0.00287685,-0.0157245,-0.0441825
0.306575,-0.00277849,-0.00841626,-0.0386169
0.309028,-0.00293678,-0.000981327,-0.0336925
0.311481,-0.00100464,-0.00807889,-0.0205851
0.313933,0.00116314,-0.0168147,-0.00655531
0.316386,0.00134248,-0.0254879,0.0111921
0.318839,0.00117557,-0.0341502,0.0295868
0.321291,0.00471416,-0.0316122,0.0421867
0.323744,0.00915205,-0.0263558,0.0533802
0.326196,0.0100836,-0.0264793,0.0609624
0.328649,0.00989403,-0.0283231,0.0673898
0.331102,0.00649125,-0.028633,0.0753983
0.333554,0.00178058,-0.0283184,0.0840503
0.336007,-0.00133692,-0.0281107,0.08957
0.338459,-0.00364721,-0.0279572,0.0935025
0.340912,-0.00307819,-0.0293163,0.0917312
0.343365,-0.000719739,-0.0316155,0.0864149
0.345817,-0.0010088,-0.0300502,0.0772189
0.34827,-0.00329734,-0.0255664,0.0650929
0.350722,-0.00794951,-0.0211442,0.0578876
0.353175,-0.0147599,-0.0167783,0.0551757
0.355628,-0.0182478,-0.0168432,0.0470045
0.35808,-0.0180736,-0.0217917,0.032816
0.360533,-0.0188875,-0.0217666,0.0206941
0.362985,-0.0210184,-0.0151128,0.0113265
0.365438,-0.0196296,-0.0128784,0.000249323
0.367891,-0.0125385,-0.0178042,-0.0135977
0.370343,-0.00857639,-0.0203505,-0.0250678
0.372796,-0.0108356,-0.0181657,-0.031812
0.375248,-0.0124298,-0.0152765,-0.0365434
0.377701,-0.0123773,-0.0106428,-0.03629
0.380154,-0.0128918,-0.00767115,-0.0343755
0.382606,-0.0151965,-0.00994491,-0.0272186
0.385059,-0.0152623,-0.0121843,-0.0214226
0.387511,-0.00600239,-0.0142807,-0.0212954
0.389964,0.000868399,-0.0163646,-0.0204931
0.392417,-0.00617089,-0.0183757,-0.0157602
0.394869,-0.0129716,-0.0203778,-0.00988509
0.397322,-0.0176142,-0.0222972,0.00631979
0.399774,-0.0218899,-0.0242127,0.0220283
0.402227,-0.0195481,-0.0260589,0.0287854
0.40468,-0.0172063,-0.0278671,0.0355167
0.407132,-0.0148699,-0.0228375,0.0375782
0.409585,-0.0125336,-0.017808,0.0396398
0.412037,-0.00798949,-0.0195298,0.0438979
0.41449,-0.00334986,-0.0215438,0.0482512
0.416943,0.00546925,-0.0214995,0.052564
0.419395,0.0146942,-0.0212553,0.056873
0.421848,0.0098216,-0.0211211,0.0591457
0.4243,0.00273898,-0.0210041,0.0610991
0.426753,-0.00045504,-0.0228829,0.0573811
0.429206,-0.00278074,-0.0252073,0.0523966
0.431658,-0.00330555,-0.0275715,0.0545862
0.434111,-0.00329379,-0.0299474,0.0589133
0.436564,-0.00495317,-0.0340286,0.0531776
0.439016,-0.00725144,-0.0387616,0.0435948
0.441469,-0.011078,-0.0356243,0.0309654
0.443921,-0.0156358,-0.028722,0.0168784
0.446374,-0.0187065,-0.0262702,0.0101728
0.448827,-0.0209015,-0.0264388,0.00781358
0.451279,-0.0204188,-0.0225388,0.00681203
0.453732,-0.0180159,-0.0157211,0.00678408
0.456184,-0.0180902,-0.0101555,0.00428091
0.458637,-0.0203142,-0.00567639,-0.000370491
0.46109,-0.0214225,-0.00344559,-0.00500096
0.463542,-0.0213616,-0.00357039,-0.00960949
0.465995,-0.0202907,-0.00364793,-0.01522
0.468447,-0.0179412,-0.00366563,-0.0220987
0.4709,-0.014671,-0.0045669,-0.0243868
0.473353,-0.00998666,-0.00682536,-0.0196231
0.475805,-0.00773895,-0.0106552,-0.014077
0.478258,-0.0100706,-0.0174383,-0.00706026
0.48071,-0.0110138,-0.0221094,-0.00145735
0.483163,-0.00872113,-0.0218592,0.000851109
0.485616,-0.00701387,-0.0204301,0.00373973
0.488068,-0.0070325,-0.0155251,0.00833895
0.490521,-0.00705148,-0.0111088,0.0124509
0.492973,-0.00707174,-0.00857373,0.0146876
0.495426,-0.00636269,-0.00789326,0.0176574
0.497879,-0.00180266,-0.0170056,0.024498
0.500331,0.00197558,-0.0261158,0.0310718
0.502784,-0.000431299,-0.0352099,0.035535
0.505236,-0.00238057,-0.0432449,0.039543
0.507689,0.0022314,-0.0360949,0.0370254
0.510142,0.0066325,-0.0290739,0.0345926
0.512594,-0.000353908,-0.0290198,0.0367398
0.515047,-0.00734032,-0.0289656,0.0388871
0.517499,-0.00975822,-0.026708,0.0365203
0.519952,-0.0120405,-0.0243849,0.0340194
0.522405,-0.0100231,-0.0221335,0.0379664
0.524857,-0.00765288,-0.0198879,0.0424426
0.52731,-0.0113992,-0.0177092,0.0387582
0.529762,-0.0160023,-0.0155399,0.0339307
0.532215,-0.0205478,-0.0172135,0.029145
0.534668,-0.0250814,-0.0196736,0.0243678
0.53712,-0.0187148,-0.0184832,0.0214396
0.539573,-0.00932899,-0.0162818,0.0190235
0.542025,-0.00855794,-0.0174577,0.0166201
0.544478,-0.0108757,-0.0198446,0.0142213
0.546931,-0.00840533,-0.0190388,0.00864463
0.549383,-0.00377443,-0.0167923,0.00163399
0.551836,-0.00660937,-0.0145259,-0.00384844
0.554289,-0.0136066,-0.0122483,-0.00847887
0.556741,-0.0136725,-0.00716927,-0.0103291
0.559194,-0.00902105,-0.000183736,-0.0102872
0.561646,-0.00439414,0.000455964,-0.0115182
0.564099,0.000212533,-0.00413816,-0.0137992
0.566552,0.00132847,-0.00754731,-0.0102625
0.569004,-0.00103241,-0.00977622,-0.000931256
0.571457,-0.00129096,-0.00882907,0.00730733
0.573909,0.000979011,-0.00406199,0.0142318
0.576362,0.000400196,-0.00401918,0.020186
0.578815,-0.00432988,-0.0108606,0.0247266
0.581267,-0.00737438,-0.0151829,0.0259153
0.58372,-0.00742167,-0.0150256,0.0211442
0.586172,-0.00746146,-0.0156111,0.020016
0.588625,-0.00748482,-0.0178275,0.0268859
0.591078,-0.00689273,-0.0194312,0.0318907
0.59353,-0.00460168,-0.0193437,0.0317468
0.595983,-0.0023144,-0.0197739,0.031604
0.598435,-4.05273e-05,-0.0220515,0.0314657
0.600888,0.00183546,-0.0243307,0.0309298
0.603341,0.00179452,-0.0266175,0.0284788
0.605793,0.000887801,-0.028043,0.026321
0.608246,-0.00608673,-0.0234319,0.026218
0.610698,-0.0125128,-0.0186449,0.0261155
0.613151,-0.0124425,-0.0117738,0.0260186
0.615604,-0.012373,-0.00519071,0.0257071
0.618056,-0.0123302,-0.00765856,0.0186503
0.620509,-0.0122875,-0.0101264,0.0115936
0.622961,-0.00767977,-0.0103142,0.00459639
0.625414,-0.00299699,-0.0104645,-0.0023998
0.627867,-0.00919274,-0.012716,0.00152291
0.630319,-0.0161224,-0.0151092,0.00618222
0.632772,-0.0168545,-0.00920858,0.00667253
0.635224,-0.016819,-0.00228061,0.00664644
0.637677,-0.0168037,-0.00710764,0.00466229
0.64013,-0.0167923,-0.0141277,0.00231283
0.642582,-0.0130913,-0.0155479,0.00366955
0.645035,-0.00844333,-0.0155308,0.00597755
0.647487,-0.00729596,-0.0154907,0.0065334
0.64994,-0.00732333,-0.015443,0.00650125
0.652393,-0.00574139,-0.0153621,0.00646518
0.654845,-0.00347538,-0.0152672,0.00642744
0.657298,-0.00424181,-0.0166897,0.00487317
0.65975,-0.00660757,-0.0189125,0.00251905
0.662203,-0.00614119,-0.019728,0.00440652
0.664656,-0.00384642,-0.019635,0.00903229
0.667108,-0.00286372,-0.0182293,0.016237
0.669561,-0.00290915,-0.0157949,0.0254624
0.672013,-0.00415886,-0.0157669,0.02869
0.674466,-0.00654885,-0.0180175,0.0262385
0.676919,-0.00782359,-0.020271,0.0259647
0.679371,-0.00782359,-0.0225279,0.02818
0.681824,-0.00880754,-0.0238141,0.0284401
0.684277,-0.0111524,-0.0237577,0.0259961
0.686729,-0.0117415,-0.0219801,0.0235623
0.689182,-0.00937429,-0.0173043,0.0211457
0.691634,-0.00626775,-0.017192,0.0202464
0.694087,-0.00162981,-0.0265322,0.0224896
0.69654,0.000419907,-0.0326189,0.0227897
0.698992,-0.00423324,-0.0302799,0.0180577
0.701445,-0.00673399,-0.0268641,0.0133339
0.703897,-0.00209174,-0.0198744,0.00863736
0.70635,0.000840086,-0.0146129,0.00480541
0.708803,-0.00378638,-0.0169883,0.00479423
0.711255,-0.00809565,-0.0190389,0.00446309
0.713708,-0.0104155,-0.0190524,0.00212527
0.71616,-0.0127335,-0.0190657,0.000419051
0.718613,-0.0150327,-0.0190763,0.00505973
0.721066,-0.0172312,-0.0189838,0.00929498
0.723518,-0.0172166,-0.0166242,0.00461283
0.725971,-0.0172021,-0.0142647,-6.93117e-05
0.728423,-0.0148538,-0.0165533,0.0022247
0.730876,-0.0124972,-0.0188584,0.00454341
0.733329,-0.0101819,-0.0167378,0.00684133
0.735781,-0.00786877,-0.0143815,0.00913814
0.738234,-0.00975862,-0.0161817,0.00513477
0.740686,-0.0121028,-0.0184313,0.000450296
0.743139,-0.0144543,-0.0186852,0.00174973
0.745592,-0.0168069,-0.0186019,0.00406052
0.748044,-0.00978659,-0.0166417,0.00822882
0.750497,-0.000544834,-0.0142366,0.0128374
0.752949,0.00161175,-0.0153791,0.0138884
0.755402,0.00154792,-0.0176335,0.0138246
0.757855,0.00148547,-0.0165762,0.0187337
0.760307,0.00142357,-0.0141947,0.0256311
0.76276,0.00136108,-0.0118452,0.0293949
0.765212,0.0012983,-0.00951155,0.0315966
0.767665,-0.00164219,-0.010068,0.028031
0.770118,-0.0063439,-0.0123933,0.0209356
0.77257,-0.00834958,-0.0120636,0.0178664
0.775023,-0.00834882,-0.00975795,0.0177938
0.777475,-0.00836134,-0.00991748,0.0201623
0.779928,-0.0083858,-0.0122957,0.0247279
0.782381,-0.0106331,-0.0179986,0.0248282
0.784833,-0.0152954,-0.0273133,0.0200771
0.787286,-0.01993,-0.0295753,0.0173498
0.789738,-0.0245283,-0.0225745,0.0172803
0.792191,-0.0246342,-0.0173845,0.0145312
0.794644,-0.0175718,-0.0150842,0.00750612
0.797096,-0.0128823,-0.0135902,0.00128644
0.799549,-0.0128351,-0.0136736,-0.0033575
0.802002,-0.0121275,-0.0117236,-0.00731668
0.804454,-0.00981279,-0.0048247,-0.0096093
0.806907,-0.00919605,-0.00189304,-0.0101978
0.809359,-0.0138345,-0.0112393,-0.00551243
0.811812,-0.0166355,-0.0187356,-0.00129243
0.814265,-0.0119564,-0.0187,0.0010328
0.816717,-0.00902477,-0.0183194,0.00231025
0.81917,-0.0159819,-0.0159867,-0.00234161
0.821622,-0.0217367,-0.0138878,-0.00579342
0.824075,-0.0170386,-0.0138215,0.00118787
0.826528,-0.0123441,-0.0137566,0.00777512
0.82898,-0.0077104,-0.0137161,0.00773785
0.831433,-0.00314056,-0.0136967,0.00772175
0.833885,-0.00550464,-0.0159762,0.0100046
0.836338,-0.00786872,-0.0182558,0.0122874
0.838791,-0.012447,-0.0138242,0.0190154
0.841243,-0.0171125,-0.00912835,0.0259184
0.843696,-0.0153742,-0.00661409,0.0285249
0.846148,-0.0130417,-0.00430225,0.0307327
0.848601,-0.0107017,-0.00397227,0.0288971
0.851054,-0.00836064,-0.00394347,0.026447
0.853506,-0.00796209,-0.00774711,0.0182985
0.855959,-0.0079869,-0.012386,0.00890817
0.858411,-0.00978648,-0.0188663,0.00856274
0.860864,-0.0121041,-0.0258842,0.0108577
0.863317,-0.0144088,-0.0260973,0.00639163
0.865769,-0.0167085,-0.0237555,-0.000612953
0.868222,-0.0127026,-0.0198323,-0.00127095
0.870674,-0.00572963,-0.015165,0.00105755
0.873127,-0.000262569,-0.0120244,0.0019071
0.87558,0.00433135,-0.0097689,0.00189918
0.878032,0.00348035,-0.0088542,0.00461005
0.880485,-0.00121775,-0.00888685,0.00924188
0.882937,-0.00339276,-0.0101801,0.0101028
0.88539,-0.00340948,-0.0125519,0.00773795
0.887843,-0.00343991,-0.0126466,0.00309979
0.890295,-0.00348452,-0.0103899,-0.00388616
0.892748,-0.00351773,-0.00813036,-0.005685
0.8952,-0.00353671,-0.00586726,-0.00101264
0.897653,-0.00447811,-0.00452358,-4.84524e-05
0.900106,-0.00681522,-0.00457107,-0.00469519
0.902558,-0.00834037,-0.0062287,-0.00363251
0.905011,-0.00836348,-0.0108649,0.00799179
0.907463,-0.00978913,-0.0140803,0.015358
0.909916,-0.0144277,-0.0140412,0.0129699
0.912369,-0.0172748,-0.0145973,0.0105862
0.914821,-0.0149394,-0.0168755,0.0082153
0.917274,-0.0130952,-0.0186687,0.00682244
0.919726,-0.0131003,-0.0186361,0.00911227
0.922179,-0.0134832,-0.0182176,0.0110208
0.924632,-0.0158081,-0.0158152,0.0109691
0.927084,-0.0173276,-0.0139521,0.0114544
0.929537,-0.0126977,-0.0162063,0.0160397
0.93199,-0.00838796,-0.0186223,0.0201439
0.934442,-0.00841096,-0.0232279,0.0177371
0.936895,-0.00843344,-0.0276295,0.0152803
0.939347,-0.00843239,-0.0228702,0.0105739
0.9418,-0.00843134,-0.0181109,0.00586752
0.944253,-0.00845351,-0.0224569,0.00572059
0.946705,-0.00847628,-0.0270385,0.00569171
0.949158,-0.0106523,-0.0230257,0.00566542
0.95161,-0.012996,-0.0183435,0.00563933
0.954063,-0.0132572,-0.0177595,0.00561488
0.956516,-0.0132364,-0.0177305,0.00559065
0.958968,-0.00936885,-0.0177438,0.00750034
0.961421,-0.00473405,-0.0177654,0.00979576
0.963873,-0.000130683,-0.0177892,0.013901
0.966326,0.00446417,-0.0178134,0.018497
0.968779,0.000434776,-0.0144017,0.0179152
0.971231,-0.00662979,-0.00978081,0.0155112
0.973684,-0.00720797,-0.0099875,0.0083016
0.976136,-0.00490813,-0.0123362,-0.00104032
0.978589,-0.00560163,-0.0146597,0.000153177
0.981042,-0.00793799,-0.0169692,0.00712887
0.983494,-0.0102627,-0.0109655,0.00573945
0.985947,-0.0125796,0.000612168,-0.00125861
0.988399,-0.0123383,-0.0019065,-0.000550085
0.990852,-0.0100175,-0.0158835,0.00642282
0.993305,-0.00653726,-0.0216109,0.00751366
0.995757,-0.00191877,-0.0192389,0.00282966
0.99821,-0.00260217,-0.0158031,0.00134996
1.00066,-0.00957047,-0.0111061,0.00366867
1.00312,-0.0146205,-0.0102347,0.00312111
1.00557,-0.0169165,-0.0148557,-0.00154147
1.00802,-0.0149889,-0.0152368,-0.00534719
1.01047,-0.00566709,-0.0081955,-0.00765286
1.01293,0.000693469,-0.00485913,-0.00774872
1.01538,0.000660042,-0.00952264,-0.0030731
1.01783,0.000626693,-0.0122933,0.0022169
1.02028,0.000593557,-0.00993361,0.0091721
1.02274,3.81095e-05,-0.00809569,0.0150815
1.02519,-0.0023425,-0.00808098,0.0173364
1.02764,-0.00512203,-0.00848172,0.0195889
1.03009,-0.00977587,-0.0108344,0.0218303
1.03255,-0.0141267,-0.0122874,0.0231751
1.035,-0.0164221,-0.00763617,0.0184375
1.03745,-0.0185289,-0.00355675,0.0142698
1.0399,-0.0185092,-0.00592583,0.0165294
1.04236,-0.0181683,-0.00845408,0.0186287
1.04481,-0.00882082,-0.0154456,0.0162354
1.04726,0.000526703,-0.0224372,0.0138422
1.04971,-0.00170524,-0.0178937,0.0137523
1.05217,-0.00408475,-0.0132033,0.0136917
1.05462,-0.00860463,-0.015144,0.00927405
1.05707,-0.0132602,-0.017505,0.00458025
1.05952,-0.00961518,-0.0157061,0.00613633
1.06198,-0.00497963,-0.0134107,0.00843827
1.06443,-0.00428214,-0.0209269,0.0107248
1.06688,-0.0042995,-0.030224,0.0130086
1.06934,-0.00802191,-0.0301611,0.00971336
1.07179,-0.0126744,-0.0277486,0.00501771
1.07424,-0.012081,-0.0253702,0.00558623
1.07669,-0.0097607,-0.023003,0.0078877
1.07915,-0.0107461,-0.0173814,0.00853731
1.0816,-0.0131125,-0.0104001,0.00849678
1.08405,-0.0139214,-0.00803649,0.00540435
1.0865,-0.0139219,-0.00806971,0.000727799
1.08896,-0.0124864,-0.00950027,0.00174787
1.09141,-0.0101379,-0.0118194,0.00639041
1.09386,-0.0117279,-0.0115113,0.00839334
1.09631,-0.0163594,-0.00917449,0.00835793
1.09877,-0.0149867,-0.00683902,0.00712051
1.10122,-0.00801036,-0.00450482,0.00476127
1.10367,-0.00541277,-0.00656671,0.00350464
1.10612,-0.00774825,-0.0135812,0.0034902
1.10858,-0.00812148,-0.0195762,0.00740104
1.11103,-0.00582048,-0.0241818,0.0166614
1.11348,-0.00526309,-0.0252832,0.0206579
1.11593,-0.00759688,-0.0205744,0.0159259
1.11839,-0.0114598,-0.016642,0.0104422
1.12084,-0.0184388,-0.0142921,0.00342695
1.12329,-0.0227835,-0.012603,-0.00095366
1.12575,-0.0204268,-0.0125952,0.00136831
1.1282,-0.0180688,-0.0142239,0.00477739
1.13065,-0.0157066,-0.0211752,0.0117223
1.1331,-0.0129159,-0.0255009,0.0173468
1.13556,-0.0082761,-0.0184956,0.0172732
1.13801,-0.00527497,-0.0128009,0.0168724
1.14046,-0.0122472,-0.0150825,0.0144801
1.14291,-0.0187773,-0.017583,0.0125264
1.14537,-0.021052,-0.0221905,0.0147947
1.14782,-0.022997,-0.0263605,0.0169532
1.15027,-0.0182697,-0.0216788,0.0168871
1.15272,-0.0135428,-0.016997,0.0168207
1.15518,-0.0135461,-0.012357,0.0144298
1.15763,-0.0135495,-0.00771705,0.0120389
1.16008,-0.0135289,-0.00751154,0.0140899
1.16253,-0.013507,-0.00752447,0.0163597
1.16499,-0.00507578,-0.0117814,0.0123096
1.16744,0.0042276,-0.0164784,0.00760421
1.16989,0.0014853,-0.0151229,0.00691283
1.17234,-0.00323388,-0.0127741,0.00688022
1.1748,-0.00413449,-0.0123271,0.00873381
1.17725,-0.00415103,-0.0123204,0.0110241
1.1797,-0.00775296,-0.0105541,0.00797308
1.18216,-0.0124564,-0.00824737,0.00328115
1.18461,-0.0154501,-0.0092713,0.00361463
1.18706,-0.0177721,-0.0116036,0.00592216
1.18951,-0.0154129,-0.0123682,0.00977325
1.19197,-0.0107579,-0.0123641,0.0143813
1.19442,-0.0104683,-0.00947935,0.0117296
1.19687,-0.0128098,-0.00485829,0.00470216
1.19932,-0.0124474,-0.00428562,-0.000950718
1.20178,-0.0101021,-0.00668179,-0.00559559
1.20423,-0.00899709,-0.00657033,-0.00776382
1.20668,-0.00899237,-0.0042343,-0.00773493
1.20913,-0.01012,-0.00528033,-0.0032262
1.21159,-0.0124603,-0.00994812,0.00607985
1.21404,-0.0127698,-0.0125877,0.0102973
1.21649,-0.0104511,-0.0126024,0.0079287
1.21894,-0.0090414,-0.0117139,0.00466575
1.2214,-0.00906032,-0.00940596,-2.88767e-06
1.22385,-0.0098717,-0.00948253,-0.00227931
1.2263,-0.0122088,-0.0141502,5.01146e-05
1.22875,-0.0131658,-0.0167488,0.0030582
1.23121,-0.0108215,-0.0143988,0.00768957
1.23366,-0.0107756,-0.0109171,0.0105882
1.23611,-0.0177059,-0.00400041,0.00822705
1.23857,-0.0227714,0.0010523,0.00633404
1.24102,-0.0204142,-0.00131431,0.00630422
1.24347,-0.0180603,-0.00475232,0.00734479
1.24592,-0.0157241,-0.0140864,0.0142758
1.24838,-0.0133898,-0.0219259,0.0204576
1.25083,-0.0110717,-0.0172611,0.0203714
1.25328,-0.00903197,-0.0128759,0.0198695
1.25573,-0.011374,-0.0128922,0.0128249
1.25819,-0.013656,-0.0129084,0.0058696
1.26064,-0.0112873,-0.0129217,0.00584863
1.26309,-0.00891857,-0.0129351,0.00582767
1.26554,-0.00659595,-0.0129537,0.005804
1.268,-0.00427497,-0.0129725,0.00578024
1.27045,-0.00412344,-0.012986,0.00575434
1.2729,-0.00416391,-0.0129991,0.00572825
1.27535,-0.00622616,-0.0170342,0.00570095
1.27781,-0.00858604,-0.0216614,0.00567346
1.28026,-0.00899824,-0.0224354,-9.04534e-05
1.28271,-0.00899632,-0.0223902,-0.00707407
1.28516,-0.00720685,-0.0205741,-0.00318894
1.28762,-0.00490625,-0.0182516,0.00380399
1.29007,-0.00770521,-0.0176032,0.00736276
1.29252,-0.0123843,-0.0175722,0.00965538
1.29497,-0.0122804,-0.019129,0.00876317
1.29743,-0.00996272,-0.0214207,0.00639694
1.29988,-0.00763957,-0.0207753,0.00257006
1.30233,-0.00531329,-0.0184533,-0.00209065
1.30479,-0.00574859,-0.0175104,-0.00125953
1.30724,-0.00810632,-0.0175275,0.00339466
1.30969,-0.0104412,-0.0187787,0.00802787
1.31214,-0.0127568,-0.0210705,0.0126434
1.3146,-0.010478,-0.0199182,0.0137906
1.31705,-0.00352194,-0.0152597,0.0114072
1.3195,0.000309911,-0.0126871,0.00695351
1.32195,0.000300535,-0.0126789,-4.54853e-05
1.32441,0.000281058,-0.0136122,-0.00329603
1.32686,0.000246524,-0.0159491,-0.000959155
1.32931,-0.001441,-0.0158021,0.000547004
1.33176,-0.00613852,-0.0111322,0.000540482
1.33422,-0.0101111,-0.00861502,0.00196057
1.33667,-0.0124511,-0.0109461,0.0065938
1.33912,-0.0135707,-0.0132713,0.00940504
1.34157,-0.0112252,-0.0155801,0.007043
1.34403,-0.00838874,-0.0169,0.00567576
1.34648,-0.00374299,-0.0145753,0.00797444
1.34893,-0.00103822,-0.0122455,0.00949691
1.35138,-0.00805509,-0.00988982,0.00713161
1.35384,-0.013677,-0.00837048,0.00560012
1.35629,-0.00901153,-0.0130188,0.0102175
1.35874,-0.00519051,-0.0173268,0.0146639
1.3612,-0.0121891,-0.0172745,0.0169192
1.36365,-0.0190677,-0.0172221,0.0190564
1.3661,-0.0213406,-0.0171647,0.0166562
1.36855,-0.0236135,-0.0171073,0.014256
1.37101,-0.0190853,-0.0147835,0.014142
1.37346,-0.0144066,-0.0124096,0.0140787
1.37591,-0.00974083,-0.0143986,0.01618
1.37836,-0.00507598,-0.0167091,0.018441
1.38082,-0.00869445,-0.0107947,0.0124748
1.38327,-0.0133964,-0.00380432,0.00543247
1.38572,-0.0102985,-0.00657905,0.00815101
1.38817,-0.00568515,-0.0112511,0.0127661
1.39063,-0.00658202,-0.0159123,0.0100211
1.39308,-0.00894103,-0.0205707,0.00532309
1.39553,-0.00956019,-0.0217497,0.0109994
1.39798,-0.00957841,-0.021727,0.0202588
1.40044,-0.00798144,-0.0200717,0.0246182
1.40289,-0.00567985,-0.0177042,0.0268401
1.40534,-0.00489585,-0.0168702,0.0245323
1.40779,-0.00493172,-0.0168647,0.0197775
1.41025,-0.00916011,-0.0140685,0.0150465
1.4127,-0.0161576,-0.00942912,0.0103313
1.41515,-0.0154092,-0.00609914,0.00563651
1.41761,-0.00845533,-0.00381814,0.00095809
1.42006,-0.00505402,-0.00508198,-0.00016252
1.42251,-0.00509065,-0.00977633,0.00215992
1.42496,-0.00726674,-0.0123014,0.00447268
1.42742,-0.0119425,-0.012292,0.00677416
1.42987,-0.0127591,-0.0142041,0.00522488
1.43232,-0.00811704,-0.0188342,-0.00177132
1.43477,-0.00519303,-0.0208777,-0.00278545
1.43723,-0.00523048,-0.0184624,0.00651176
1.43968,-0.00675304,-0.0153272,0.0098441
1.44213,-0.0114296,-0.0106627,0.000508692
1.44458,-0.0148284,-0.00789581,-0.00500494
1.44704,-0.0148265,-0.010179,-0.000347024
1.44949,-0.0148133,-0.0119448,0.00377958
1.45194,-0.014761,-0.0119396,0.00608758
1.45439,-0.0151287,-0.0123499,0.00714536
1.45685,-0.0174219,-0.0146645,0.00247207
1.4593,-0.0187932,-0.0169762,-5.16076e-05
1.46175,-0.0141067,-0.0192687,0.0115522
1.4642,-0.00981799,-0.0209697,0.0217669
1.46666,-0.00980856,-0.0163064,0.0170372
1.46911,-0.00997568,-0.0119957,0.0123972
1.47156,-0.0146086,-0.0166053,0.0100239
1.47402,-0.0192414,-0.0212149,0.00765072
1.47647,-0.0192369,-0.0142893,0.00989495
1.47892,-0.0191903,-0.00725909,0.012181
1.48137,-0.0191666,-0.00911221,0.0122603
1.48383,-0.0191443,-0.0114923,0.0122085
1.48628,-0.0149619,-0.0138345,0.012156
1.48873,-0.0103017,-0.0161724,0.0121033
1.49118,-0.00173232,-0.0165458,0.00613745
1.49364,0.00752714,-0.0165725,-0.00087226
1.49609,-3.67408e-05,-0.012849,-0.00411085
1.49854,-0.0117292,-0.00820525,-0.00642397
1.50099,-0.0145824,-0.00534849,4.51657e-05
1.50345,-0.0145816,-0.00306871,0.00934982
1.5059,-0.0145817,-0.00244885,0.0120216
1.50835,-0.0145823,-0.00251055,0.0119699
1.5108,-0.0161331,-0.00562237,0.0149864
1.51326,-0.0184759,-0.0102922,0.0195703
1.51571,-0.0179073,-0.0121009,0.021284
1.51816,-0.0155154,-0.0121176,0.0212002
1.52061,-0.0131635,-0.00947101,0.0197946
1.52307,-0.010842,-0.00479769,0.0173832
1.52552,-0.0121414,-0.00379417,0.0137769
1.52797,-0.0167717,-0.00616663,0.00907146
1.53042,-0.0169759,-0.0118166,0.00658347
1.53288,-0.012265,-0.021106,0.00655785
1.53533,-0.00956237,-0.0254023,0.00356025
1.53778,-0.00955678,-0.0229932,-0.00342849
1.54024,-0.0104322,-0.01973,-0.00686988
1.54269,-0.0127464,-0.0150717,-0.00451855
1.54514,-0.0127467,-0.0127339,-0.00371902
1.54759,-0.0081076,-0.0150484,-0.00603074
1.55005,-0.0054679,-0.0166937,-0.00634824
1.5525,-0.00782528,-0.0166664,-0.00168147
1.55495,-0.0101719,-0.0160854,0.001869
1.5574,-0.0124844,-0.0137386,0.00186014
1.55986,-0.0147935,-0.011836,0.00274053
1.56231,-0.0170881,-0.0118061,0.00736957
1.56476,-0.0180332,-0.0124509,0.0113222
1.56721,-0.0110033,-0.017083,0.0112775
1.56967,-0.00488544,-0.0205804,0.0114596
1.57212,-0.00719151,-0.0135979,0.0137364
1.57457,-0.00926288,-0.00708756,0.0157768
1.57702,-0.00693829,-0.00942243,0.013391
1.57948,-0.00463088,-0.0117318,0.0110138
1.58193,-0.00699035,-0.00711327,0.0109663
1.58438,-0.00934983,-0.00249475,0.0109188
1.58683,-0.0116663,-0.000132193,0.00865483
1.58929,-0.0139809,0.00212814,0.00629047
1.59174,-0.0120552,-0.00615114,0.00605308
1.59419,-0.00970825,-0.0154774,0.00602699
1.59665,-0.0134066,-0.0147822,0.00800227
1.5991,-0.0180678,-0.012491,0.0102963
1.60155,-0.0151066,-0.0101697,0.00500673
1.604,-0.0104221,-0.00784153,-0.00199739
1.60646,-0.00755258,-0.00911776,-0.00182394
1.60891,-0.00522956,-0.0114792,0.000510612
1.61136,-0.00295483,-0.00876463,0.00282499
1.61381,-0.000698719,-0.00409131,0.00513159
1.61627,-0.00626225,-0.0072851,0.00429869
1.61872,-0.0155985,-0.0142745,0.00195109
1.62117,-0.0176073,-0.016876,0.00107231
1.62362,-0.0152671,-0.0168732,0.00106532
1.62608,-0.0156461,-0.0168558,0.0024025
1.62853,-0.0179901,-0.0168278,0.00471096
1.63098,-0.017835,-0.0155758,0.00577368
1.63343,-0.0154947,-0.0132536,0.00574713
1.63589,-0.0154217,-0.0109421,0.0057208
1.63834,-0.0177418,-0.00864205,0.00569471
1.64079,-0.0180139,-0.00734644,0.00668701
1.64324,-0.0156738,-0.00733202,0.00897823
1.6457,-0.0133309,-0.00733635,0.00944326
1.64815,-0.0109837,-0.00736969,0.00708123
1.6506,-0.00785067,-0.00820425,0.00472514
1.65306,-0.00322851,-0.010557,0.00238034
1.65551,-0.00276386,-0.0115044,0.000733615
1.65796,-0.0120734,-0.00914772,0.000728024
1.66041,-0.0184545,-0.00797643,0.000139265
1.66287,-0.0161159,-0.0103348,-0.00218597
1.66532,-0.0133013,-0.0117346,-0.0040329
1.66777,-0.00863442,-0.00940312,-0.00401799
1.67022,-0.00544181,-0.00743975,-0.00436901
1.67268,-0.0101431,-0.0074474,-0.00667933
1.67513,-0.0145787,-0.00771166,-0.00745098
1.67758,-0.0168734,-0.0100446,0.00418171
1.68003,-0.0187262,-0.0120824,0.0150736
1.68249,-0.0140426,-0.00975637,0.0150107
1.68494,-0.00939718,-0.00754387,0.01491
1.68739,-0.00704714,-0.0121712,0.0125293
1.68984,-0.0046971,-0.0167986,0.0101486
1.6923,-0.0114077,-0.0124406,0.0122816
1.69475,-0.0184051,-0.00779812,0.0145574
1.6972,-0.0167898,-0.00749092,0.0103988
1.69965,-0.0144487,-0.00754901,0.00569801
1.70211,-0.0121259,-0.00959535,0.00305936
1.70456,-0.00980576,-0.011925,0.000714557
1.70701,-0.0151869,-0.010396,0.00607138
1.70946,-0.0221649,-0.0080668,0.0130252
1.71192,-0.0182447,-0.00756724,0.0108703
1.71437,-0.0112729,-0.00757999,0.00616488
1.71682,-0.00602733,-0.00586891,0.00319234
1.71928,-0.00140668,-0.00353384,0.00084707
1.72173,-0.00318906,-0.00762328,0.000111246
1.72418,-0.00788588,-0.0146369,0.000107985
1.72663,-0.00810332,-0.0156747,-0.0028653
1.72909,-0.00580319,-0.0133539,-0.00750784
1.73154,-0.000761589,-0.0137948,-0.00387147
1.73399,0.00616024,-0.01613,0.00544297
1.73644,0.00544817,-0.018456,0.00711333
1.7389,-0.00160749,-0.0207744,0.00243165
1.74135,-0.00630612,-0.0184532,-0.00107128
1.7438,-0.00863963,-0.0114762,-0.00339138
1.74625,-0.00992507,-0.00976578,-0.00150884
1.74871,-0.0099405,-0.0144372,0.00546639
1.75116,-0.00901727,-0.0181554,0.0105386
1.75361,-0.00671562,-0.0204738,0.0128163
1.75606,-0.00524197,-0.0211138,0.0125958
1.75852,-0.00525257,-0.0187454,0.00789686
1.76097,-0.00599259,-0.0171047,0.00248766
1.76342,-0.00834805,-0.0170758,-0.00449456
1.76587,-0.0106917,-0.0164344,-0.00839794
1.76833,-0.0130023,-0.0140859,-0.00372045
1.77078,-0.0143018,-0.0117472,-5.8073e-05
1.77323,-0.0119537,-0.00944356,-5.76071e-05
1.77569,-0.00960468,-0.00793199,0.000337732
1.77814,-0.00725091,-0.010287,0.00266063
1.78059,-0.00518818,-0.0117839,0.00441011
1.78304,-0.00520041,-0.00716287,0.00207137
1.7855,-0.00539083,-0.00307364,0.000262727
1.78795,-0.00774786,-0.00545029,0.00489968
1.7904,-0.0100371,-0.00775835,0.00913218
1.79285,-0.0100534,-0.00776749,-0.000189247
1.79531,-0.0100697,-0.00777663,-0.00951067
1.79776,-0.0146663,-0.0123662,-0.00281206
1.80021,-0.0193471,-0.0170399,0.00418087
1.80266,-0.0153149,-0.0151446,0.000273953
1.80512,-0.0106765,-0.0127922,-0.00439142
1.80757,-0.0101943,-0.0146041,0.00127797
1.81002,-0.0102367,-0.0169415,0.0082518
1.81247,-0.00830461,-0.0153353,0.0054244
1.81493,-0.005999,-0.0129831,0.000742719
1.81738,-0.00551127,-0.0106686,0.0016223
1.81983,-0.00549549,-0.00836392,0.00394567
1.82228,-0.00548084,-0.0112733,0.00625442
1.82474,-0.00546657,-0.0159498,0.00855822
1.82719,-0.00547003,-0.0157109,0.00597545
1.82964,-0.0054811,-0.0133641,0.00129703
1.8321,-0.0070212,-0.0125737,-0.00032711
1.83455,-0.00937439,-0.012611,-0.00032711
1.837,-0.0131202,-0.0140212,-0.00313941
1.83945,-0.0177721,-0.0163246,-0.00778149
1.84191,-0.0185158,-0.0186361,-0.00462347
1.84436,-0.0161739,-0.020954,0.00469283
1.84681,-0.0138434,-0.0232648,0.00565882
1.84926,-0.0115238,-0.0255688,-0.00134063
1.85172,-0.0124463,-0.0246269,-0.0018441
1.85417,-0.0171024,-0.0199471,0.00513299
1.85662,-0.0178648,-0.0162398,0.00627064
1.85907,-0.0132005,-0.0138879,-0.000730214
1.86153,-0.0111224,-0.0124054,-0.00426829
1.86398,-0.0134336,-0.0123984,-0.00192908
1.86643,-0.0142444,-0.0116478,0.00190536
1.86888,-0.0119208,-0.00934353,0.00886336
1.87134,-0.0128121,-0.0076865,0.0119539
1.87379,-0.0221064,-0.00772117,0.00493531
1.87624,-0.0297729,-0.00775579,0.000595577
1.87869,-0.0319801,-0.00779018,0.00523952
1.88115,-0.0320696,-0.0078194,0.00860438
1.8836,-0.0226837,-0.00782551,0.00624654
1.88605,-0.0142528,-0.007832,0.00420604
1.88851,-0.0119057,-0.00784082,0.0041874
1.89096,-0.00935461,-0.00764152,0.00355176
1.89341,-0.00470589,-0.00530257,-0.0034272
1.89586,-0.000446176,-0.00335188,-0.00992094
1.89832,-0.00514183,-0.0103393,-0.00524439
1.90077,-0.00983749,-0.0173267,-0.000567833
1.90322,-0.0144928,-0.0173568,0.00176404
1.90567,-0.0191478,-0.0173493,0.00408322
1.90813,-0.0149522,-0.0172993,0.00198768
1.91058,-0.0102672,-0.017247,-0.000351992
1.91303,-0.00354963,-0.0151261,0.00359176
1.91548,0.00339229,-0.0127769,0.00822918
1.91794,0.000384641,-0.0124245,0.00887368
1.92039,-0.00432994,-0.0124146,0.00883314
1.92284,-0.00525054,-0.0124048,0.0106661
1.92529,-0.00526114,-0.0123949,0.0129485
1.92775,-0.00703358,-0.0141279,0.0099298
1.9302,-0.00936382,-0.0164127,0.00523274
1.93265,-0.0116812,-0.0187038,0.0055229
1.9351,-0.0139934,-0.0209976,0.00782531
1.93756,-0.0116773,-0.0201892,0.00856942
1.94001,-0.00703496,-0.0178216,0.00853029
1.94246,-0.00670501,-0.0140159,0.00849231
1.94491,-0.00903526,-0.00932309,0.00845504
1.94737,-0.0113552,-0.00599429,0.00974416
1.94982,-0.0136674,-0.00368833,0.0120279
1.95227,-0.0147661,-0.00504216,0.0130837
1.95473,-0.0147645,-0.00971455,0.0130259
1.95718,-0.0136414,-0.00994638,0.00632532
1.95963,-0.0112907,-0.00531784,-0.00764611
1.96208,-0.0109466,-0.00470206,-0.0115829
1.96454,-0.0132577,-0.00939652,-0.00224052
1.96699,-0.015562,-0.0096205,0.00173524
1.96944,-0.0178553,-0.00265482,-0.00291988
1.97189,-0.0185971,0.00116441,-0.00522239
1.97435,-0.0162781,-0.00122368,-0.00288365
1.9768,-0.0146226,-0.00427239,-0.000549354
1.97925,-0.0145963,-0.00894344,0.00177402
1.9817,-0.0128771,-0.01248,0.00296899
1.98416,-0.00586525,-0.0124699,0.000636306
1.98661,-0.00113561,-0.0124604,-0.0007869
1.98906,-0.00580751,-0.0124531,0.00153647
1.99151,-0.009445,-0.0124455,0.00454467
1.99397,-0.0071426,-0.0124356,0.0114854
1.99642,-0.00530942,-0.0126629,0.0172458
1.99887,-0.00763902,-0.0149952,0.0125343
2.00132,-0.0102209,-0.0168217,0.00795063
2.00378,-0.0171985,-0.00983603,0.00559372
2.00623,-0.0240915,-0.00291861,0.00323697
2.00868,-0.0194137,-0.00532325,0.000902422
2.01114,-0.014736,-0.00772788,-0.00143213
2.01359,-0.012295,-0.00787777,-0.00151777
2.01604,-0.00994662,-0.00793431,-0.00151031
2.01849,-0.0054976,-0.0101089,0.000615516
2.02095,-0.000848996,-0.0124846,0.00294261
2.0234,-0.00226461,-0.0107857,0.00726005
2.02585,-0.0046168,-0.00845733,0.0118849
2.0283,-0.00509389,-0.0061449,0.00887247
2.03076,-0.00515713,-0.00383598,0.00417449
2.03321,-0.00338867,-0.00514174,-0.000487884
2.03566,-0.0010798,-0.00751394,-0.00513975
2.03811,-0.00551368,-0.00985349,-0.00471819
2.04057,-0.012503,-0.0121807,-0.00237386
2.04302,-0.0131613,-0.0113504,0.00310366
2.04547,-0.0108148,-0.00902153,0.0100682
2.04792,-0.012888,-0.0110953,0.00967384
2.05038,-0.0175441,-0.0157422,0.00497865
2.05283,-0.016742,-0.0163147,0.00301893
2.05528,-0.0120538,-0.0139862,0.00300682
2.05773,-0.0111387,-0.0129291,0.00673161
2.06019,-0.0134753,-0.0129677,0.013677
2.06264,-0.0146415,-0.0141196,0.0149112
2.06509,-0.01459,-0.01643,0.0102029
2.06755,-0.0104268,-0.0156584,0.00756837
2.07,-0.00109538,-0.0110128,0.00754042
2.07245,0.00360163,-0.00820998,0.00567341
2.0749,0.0012315,-0.00821729,0.00100198
2.07736,0.000487592,-0.00578678,-0.002037
2.07981,0.00277666,0.00119035,-0.00203141
2.08226,0.00224951,0.00463845,-0.000625092
2.08471,-0.00478605,-6.9173e-05,0.00401838
2.08717,-0.0100385,-0.00535832,0.00687674
2.08962,-0.0100815,-0.0123464,0.00451983
2.09207,-0.0110785,-0.0169147,0.00216844
2.09452,-0.0157087,-0.0122685,-0.000161917
2.09698,-0.0188395,-0.00874954,-0.00174234
2.09943,-0.0141551,-0.0111067,0.000586154
2.10188,-0.0100093,-0.0129298,0.00317595
2.10433,-0.0100524,-0.0105999,0.00779753
2.10679,-0.0100937,-0.00873687,0.0119509
2.10924,-0.0101098,-0.0133827,0.00957768
2.11169,-0.0101716,-0.0178435,0.00715873
2.11414,-0.0124834,-0.0131998,0.00248963
2.1166,-0.0147952,-0.00855607,-0.00217947
2.11905,-0.0148533,-0.0039446,0.00221439
2.1215,-0.0148486,0.000665974,0.00686066
2.12396,-0.0126987,0.00101029,0.00717136
2.12641,-0.0103771,0.00101312,0.00713502
2.12886,-0.0101112,-0.00512245,0.00302258
2.13131,-0.0101287,-0.012104,-0.00165164
2.13377,-0.0101449,-0.0132459,-0.00629331
2.13622,-0.0101608,-0.0132073,-0.0109284
2.13867,-0.0101766,-0.0113682,-0.00278788
2.14112,-0.0101924,-0.00903546,0.00885505
2.14358,-0.00847696,-0.0135798,0.0118718
2.14603,-0.00614632,-0.0205678,0.0118234
2.14848,-0.00544898,-0.0227256,0.0069667
2.15093,-0.0054827,-0.0227215,-4.20744e-05
2.15339,-0.00402366,-0.0241801,-0.00104142
2.15584,-0.00173867,-0.026448,0.00128427
2.15829,-0.00221793,-0.0245651,0.00775397
2.16074,-0.00456494,-0.0198774,0.0170237
2.1632,-0.00690193,-0.0151989,0.016048
2.16565,-0.00923072,-0.0105278,0.00668135
2.1681,-0.0103955,-0.0105525,-0.000314273
2.17055,-0.010409,-0.0152217,-0.00496474
2.17301,-0.0093532,-0.0145747,-0.00642539
2.17546,-0.00702022,-0.00757839,-0.0040764
2.17791,-0.00755032,-0.00440969,-0.000787924
2.18036,-0.0122226,-0.00677857,0.00385974
2.18282,-0.0143556,-0.00914233,0.0059773
2.18527,-0.0120073,-0.0114971,0.00362971
2.18772,-0.0118545,-0.0123848,0.0020182
2.19018,-0.0164836,-0.0100777,0.00200981
2.19263,-0.0192329,-0.00714802,0.00324366
2.19508,-0.016839,-0.00251514,0.00787642
2.19753,-0.0139432,0.00107443,0.0089179
2.19999,-0.00927477,0.000978777,-0.00272596
2.20244,-0.00541859,8.21384e-05,-0.0119367
2.20489,-0.00542849,-0.00462686,-0.00956677
2.20734,-0.00573219,-0.00933125,-0.00719931
2.2098,-0.00806305,-0.0140038,-0.00484895
2.21225,-0.00946972,-0.0183022,-0.00286933
2.2147,-0.000182692,-0.0182712,-0.00517963
2.21715,0.00857397,-0.0180138,-0.00733847
2.21961,0.00154704,-0.0110212,-0.00498997
2.22206,-0.00547989,-0.00402858,-0.00264146
2.22451,-0.00561595,-0.00623736,-0.00488684
2.22696,-0.00565042,-0.00858179,-0.00719993
2.22942,-0.0034853,-0.0130874,-0.00949248
2.23187,-0.00117587,-0.0177348,-0.0117837
2.23432,-0.000972666,-0.0161418,-0.00992494
2.23677,-0.00102607,-0.0137886,-0.0075606
2.23923,-0.00695509,-0.0134106,-0.0012956
2.24168,-0.0139672,-0.0133967,0.00568841
2.24413,-0.00981411,-0.0152302,0.00707978
2.24659,-0.00282288,-0.0175333,0.00704949
2.24904,0.000642693,-0.0180837,0.00701921
2.25149,0.00293482,-0.0180507,0.00698893
2.25394,0.00194895,-0.0164082,0.00695996
2.2564,-0.000420169,-0.0140866,0.00693154
2.25885,-0.00431331,-0.0163407,0.00385698
2.2613,-0.0090049,-0.0209919,-0.00081347
2.26375,-0.00943423,-0.0227951,-0.00263399
2.26621,-0.00712899,-0.0227709,-0.00262607
2.26866,-0.00741493,-0.0201264,-7.92766e-06
2.27111,-0.00971923,-0.0154406,0.00464342
2.27356,-0.00724499,-0.0131604,0.00688376
2.27602,-0.000272277,-0.0131447,0.00685441
2.27847,0.00231775,-0.00881104,0.00573935
2.28092,-7.30854e-05,0.000430012,0.00339038
2.28337,-0.00244554,0.00281164,0.00202684
2.28583,-0.0047927,-0.00423972,0.00201846
2.28828,-0.00626551,-0.00866757,0.00114257
2.29073,-0.00627471,-0.00870385,-0.00118543
2.29318,-0.00627475,-0.00873821,-0.00198935
2.29564,-0.00625594,-0.00876864,0.000344245
2.29809,-0.00624383,-0.00813481,0.00137224
2.30054,-0.00624895,-0.00579207,-0.000958554
2.303,-0.00679458,-0.00346039,-0.0027443
2.30545,-0.00912078,-0.00116514,-0.00273452
2.3079,-0.011017,-0.00016667,-0.00401852
2.31035,-0.0110293,-0.00484964,-0.0109708
2.31281,-0.0113634,-0.00920485,-0.0153394
2.31526,-0.0136939,-0.0115263,-0.00367613
2.31771,-0.0160182,-0.013844,0.00712727
2.32016,-0.0182802,-0.0161237,0.00941894
2.32262,-0.0201277,-0.0181939,0.0116058
2.32507,-0.0131174,-0.01579,0.0115546
2.32752,-0.00610702,-0.0133861,0.0115033
2.32997,-0.00843878,-0.0156839,0.00450931
2.33243,-0.0107923,-0.0179927,-0.00250086
2.33488,-0.0131257,-0.0202565,0.00156944
2.33733,-0.0154582,-0.022518,0.00621478
2.33978,-0.0114617,-0.0226891,0.00454055
2.34224,-0.0067904,-0.0226373,0.00219249
2.34469,-0.00610751,-0.022569,-0.00411216
2.34714,-0.00609214,-0.0224979,-0.011079
2.34959,-0.00797534,-0.0205697,-0.00860938
2.35205,-0.010305,-0.0182048,-0.00392072
2.3545,-0.012637,-0.0176196,0.00427388
2.35695,-0.0149696,-0.0175885,0.0135599
2.35941,-0.0156285,-0.0159157,0.0161517
2.36186,-0.015622,-0.0135904,0.0160827
2.36431,-0.0125129,-0.0128102,0.00980983
2.36676,-0.00786571,-0.0127959,0.000461382
2.36922,-0.00899587,-0.0113434,-0.00162783
2.37167,-0.0136438,-0.00901517,0.000702988
2.37412,-0.0169359,-0.00804369,0.000357956
2.37657,-0.019224,-0.00807698,-0.00196867
2.37903,-0.0166072,-0.0093338,-0.00061404
2.38148,-0.00959734,-0.0116865,0.00403782
2.38393,-0.00597151,-0.010686,0.00644059
2.38638,-0.00600441,-0.00605992,0.0064117
2.38884,-0.00804831,-0.00345076,0.00336564
2.39129,-0.0127204,-0.00347746,-0.00362357
2.39374,-0.0146982,-0.00260867,-0.0105913
2.39619,-0.0123988,-0.000318234,-0.0175251
2.39865,-0.0108672,0.00117925,-0.0181371
2.4011,-0.0108297,0.00113368,-0.00644707
2.40355,-0.010122,-0.000262764,0.00114304
2.406,-0.00779308,-0.00492776,-0.00118685
2.40846,-0.00718848,-0.00844944,-0.00237441
2.41091,-0.0118858,-0.00845575,-4.96437e-05
2.41336,-0.0147246,-0.00845762,0.00135164
2.41581,-0.0100548,-0.00844149,-0.000978253
2.41827,-0.00574547,-0.00877951,-0.00295424
2.42072,-0.00345669,-0.0111029,-0.00294632
2.42317,-0.0016569,-0.0134271,-0.00269645
2.42563,-0.00405335,-0.0157591,-0.000370286
2.42808,-0.00644569,-0.0180898,0.00195508
2.43053,-0.00877028,-0.0203996,0.00426726
2.43298,-0.0110947,-0.0226611,0.00657924
2.43544,-0.0134027,-0.0202925,0.00887093
2.43789,-0.0157107,-0.0179239,0.0111626
2.44034,-0.0157642,-0.0200167,0.00896545
2.44279,-0.0157318,-0.0222792,0.00659736
2.44525,-0.0135741,-0.0245477,0.00637397
2.4477,-0.0112223,-0.0268166,0.00634648
2.45015,-0.00888877,-0.023044,0.0103535
2.4526,-0.00655795,-0.018363,0.0149671
2.45506,-0.00424192,-0.0137117,0.0119195
2.45751,-0.0019291,-0.00906683,0.00721595
2.45996,-0.00502636,-0.00982753,0.00254163
2.46241,-0.00969202,-0.0121553,-0.00212421
2.46487,-0.00926145,-0.0111088,-0.00507162
2.46732,-0.00692906,-0.00880296,-0.00737776
2.46977,-0.00938593,-0.00810956,-0.00967341
2.47222,-0.014084,-0.00817071,-0.0119642
2.47468,-0.015814,-0.0111561,-0.00835921
2.47713,-0.015832,-0.0158281,-0.0013537
2.47958,-0.0158195,-0.0177366,0.0015339
2.48204,-0.0157856,-0.0177023,0.00152645
2.48449,-0.0144995,-0.0139377,0.0040265
2.48694,-0.0121475,-0.00699776,0.00866112
2.48939,-0.0109617,-0.00464977,0.0109867
2.49185,-0.0109742,-0.00702127,0.0109392
2.4943,-0.00994121,-0.00938519,0.00778831
2.49675,-0.00761009,-0.0117397,0.000784664
2.4992,-0.0080749,-0.0131617,-0.00527086
2.50166,-0.012749,-0.0131796,-0.00989896
2.50411,-0.0149586,-0.0131966,-0.0120632
2.50656,-0.0126332,-0.0132116,-0.00969369
2.50901,-0.0124364,-0.0139258,-0.00662291
2.51147,-0.0170881,-0.0162324,-0.00195474
2.51392,-0.0199343,-0.0167388,0.000907437
2.51637,-0.0175895,-0.0120699,-0.00142245
2.51882,-0.016233,-0.00887197,-0.00228039
2.52128,-0.0185711,-0.0111731,0.00236401
2.52373,-0.0197602,-0.0130946,0.00624168
2.52618,-0.0150944,-0.013082,0.00621186
2.52863,-0.0107047,-0.0130727,0.00591081
2.53109,-0.00839886,-0.0130882,0.00356322
2.53354,-0.00657977,-0.0135892,0.00121709
2.53599,-0.0112271,-0.0205385,-0.00110954
2.53845,-0.0156068,-0.027273,-0.00338239
2.5409,-0.00861258,-0.0248772,-0.00336981
2.54335,-0.00161836,-0.0224815,-0.00335724
2.5458,-0.00602699,-0.0246358,0.00118042
2.54826,-0.0107164,-0.0269022,0.00582949
2.55071,-0.013217,-0.02056,0.00613382
2.55316,-0.0155503,-0.0135594,0.00610586
2.55561,-0.013729,-0.0188384,0.00198881
2.55807,-0.0113516,-0.0257612,-0.00267563
2.56052,-0.00705508,-0.0249332,-0.00343162
2.56297,-0.00237911,-0.0225727,-0.00341485
2.56542,-0.00869914,-0.0183779,-0.00705486
2.56788,-0.0179792,-0.0136893,-0.0116792
2.57033,-0.01519,-0.0142231,-0.00596304
2.57278,-0.00817979,-0.0165832,0.00336957
2.57523,-0.00765038,-0.0172889,0.00298872
2.57769,-0.00998022,-0.0172647,-0.00167758
2.58014,-0.0107789,-0.0157203,-0.0048172
2.58259,-0.0107417,-0.0133458,-0.00712333
2.58504,-0.00932831,-0.009622,-0.00246066
2.5875,-0.00699684,-0.00499806,0.00685099
2.58995,-0.00469004,-0.00039542,0.00970632
2.5924,-0.00240318,0.00418999,0.00733916
2.59486,-0.00247198,0.00291635,0.00498048
2.59731,-0.00484235,-0.00408182,0.00263009
2.59976,-0.00720363,-0.00890156,0.00241585
2.60221,-0.00955419,-0.0111515,0.00472151
2.60467,-0.0109415,-0.0124697,0.00702104
2.60712,-0.0109527,-0.0124569,0.0093118
2.60957,-0.0126562,-0.0132903,0.00990337
2.61202,-0.0173068,-0.0155973,0.00753575
2.61448,-0.0204714,-0.017162,0.00664842
2.61693,-0.0204451,-0.0171329,0.00893965
2.61938,-0.019791,-0.0170969,0.0105973
2.62183,-0.0174453,-0.0170428,0.0105484
2.62429,-0.0156233,-0.0175196,0.00946239
2.62674,-0.0156182,-0.0198388,0.00477745
2.62919,-0.0156129,-0.0217443,0.000509284
2.63164,-0.0156065,-0.0217217,-0.00181688
2.6341,-0.0155966,-0.0210972,-0.0041402
2.63655,-0.0155637,-0.0164326,-0.00644447
2.639,-0.0159143,-0.0123446,-0.00913075
2.64145,-0.0205225,-0.0146556,-0.0160566
2.64391,-0.0248811,-0.0166351,-0.022319
2.64636,-0.0224903,-0.00964517,-0.0106294
2.64881,-0.0200995,-0.00265526,0.00106008
2.65126,-0.0131667,-0.00262786,0.00118568
2.65372,-0.00618165,-0.00268056,0.00117822
2.65617,-0.010149,-0.00489336,0.00117208
2.65862,-0.0147955,-0.00724011,0.00116603
2.66108,-0.013183,-0.00544402,0.00531149
2.66353,-0.010833,-0.00315978,0.00994611
2.66598,-0.0104883,-0.00482633,0.0106134
2.66843,-0.0105042,-0.00720336,0.0105673
2.67089,-0.0067834,-0.00211161,0.0068083
2.67334,-0.00213171,0.00484083,0.0021243
2.67579,-0.0045013,-0.00048644,-0.000782274
2.67824,-0.00916732,-0.00982997,-0.00310751
2.6807,-0.0154458,-0.0125825,-0.00377904
2.68315,-0.022394,-0.0125972,-0.00376367
2.6856,-0.0201257,-0.0125805,-0.00527996
2.68805,-0.0130991,-0.0125475,-0.00758702
2.69051,-0.0103871,-0.011111,-0.00704171
2.69296,-0.0104048,-0.00878663,-0.00469179
2.69541,-0.0117341,-0.00777064,-0.00235372
2.69786,-0.0140714,-0.00776007,-2.47616e-05
2.70032,-0.0139795,-0.0101535,0.00349838
2.70277,-0.0116312,-0.0147797,0.00813068
2.70522,-0.0114907,-0.017211,0.00836955
2.70767,-0.0138253,-0.0171816,0.00368274
2.71013,-0.0141724,-0.016169,-0.0029553
2.71258,-0.0118243,-0.0138229,-0.0122395
2.71503,-0.00948304,-0.00973223,-0.017117
2.71749,-0.00715309,-0.00276349,-0.0147251
2.71994,-0.00559596,0.000353961,-0.0131063
2.72239,-0.00560511,-0.00433395,-0.0130541
2.72484,-0.0069357,-0.00770959,-0.013002
2.7273,-0.0116081,-0.00776669,-0.0129503
2.72975,-0.015175,-0.00945131,-0.0118032
2.7322,-0.0151704,-0.0163942,-0.00711684
2.73465,-0.0142825,-0.0224524,-0.00243712
2.73711,-0.00961333,-0.0247232,0.00221428
2.73956,-0.00560997,-0.025667,0.00619967
2.74201,-0.00561906,-0.0186148,0.00617172
2.74446,-0.00584923,-0.0122363,0.00570185
2.74692,-0.00817796,-0.0122524,0.00103741
2.74937,-0.0106165,-0.0122672,-0.00328899
2.75182,-0.015219,-0.0122552,-0.000953971
2.75427,-0.0198125,-0.0122492,0.00138398
2.75673,-0.01744,-0.0168964,0.00601768
2.75918,-0.0150674,-0.0215436,0.0106514
2.76163,-0.0171702,-0.0217132,0.00860352
2.76408,-0.0194876,-0.0216681,0.00623543
2.76654,-0.0196829,-0.0174144,0.0017806
2.76899,-0.0196612,-0.0127303,-0.00288757
2.77144,-0.0176648,-0.0120901,-0.0115145
2.7739,-0.0153475,-0.0121069,-0.0207847
2.77635,-0.0167982,-0.012103,-0.0148996
2.7788,-0.0191143,-0.0120944,-0.00553342
2.78125,-0.0178609,-0.0102892,-0.00333751
2.78371,-0.0155184,-0.00793576,-0.00332959
2.78616,-0.0131717,-0.00891486,-0.00498891
2.78861,-0.0108234,-0.0111952,-0.00729923
2.79106,-0.00849011,-0.00880584,-0.0080366
2.79352,-0.00616418,-0.00413886,-0.00800678
2.79597,-0.0067656,-0.00531087,-0.00507761
2.79842,-0.00912234,-0.00998408,-0.000409904
2.80087,-0.00744359,-0.011951,0.00289439
2.80333,-0.00282009,-0.011943,0.00520378
2.80578,-0.00190055,-0.0131552,0.0013433
2.80823,-0.004251,-0.0154446,-0.00796415
2.81068,-0.00657974,-0.0154911,-0.00824822
2.81314,-0.00888534,-0.0131472,0.00108392
2.81559,-0.0101785,-0.0118233,0.00531128
2.81804,-0.0101676,-0.0118131,0.00296415
2.82049,-0.00834808,-0.0118248,0.00153074
2.82295,-0.00370053,-0.0118707,0.00152608
2.8254,-0.0022571,-0.0119059,0.00231573
2.82785,-0.00694973,-0.0119206,0.00462652
2.83031,-0.010944,-0.0112486,0.00624483
2.83276,-0.0132778,-0.0089435,0.00621641
2.83521,-0.0144577,-0.0066369,0.00503181
2.83766,-0.0121578,-0.00432579,0.000360384
2.84012,-0.0103255,-0.0024928,-0.00383382
2.84257,-0.0103407,-0.00254865,-0.00614275
2.84502,-0.00998801,-0.00367819,-0.00772899
2.84747,-0.00763011,-0.0106619,-0.00537487
2.84993,-0.00603112,-0.0163899,-0.00277288
2.85238,-0.0107024,-0.011742,0.00187712
2.85483,-0.0149475,-0.00723848,0.00624197
2.85728,-0.0126249,-0.00495748,0.00621355
2.85974,-0.0103664,-0.00274134,0.0061529
2.86219,-0.0126508,-0.00511599,0.0038109
2.86464,-0.0149353,-0.00749063,0.00146889
2.86709,-0.0150097,-0.00980274,-0.000862299
2.86955,-0.0150085,-0.0121127,-0.00319312
2.872,-0.0149598,-0.0101578,-0.00336568
2.87445,-0.0149068,-0.00783158,-0.0033503
2.8769,-0.012827,-0.00752022,-0.00131178
2.87936,-0.0104519,-0.00750228,0.00102137
2.88181,-0.010031,-0.0132549,-0.00240993
2.88426,-0.0100221,-0.0202242,-0.00705667
2.88671,-0.0136288,-0.0163124,-0.00263967
2.88917,-0.0182622,-0.00931091,0.00435094
2.89162,-0.0177733,-0.00912225,0.00620513
2.89407,-0.0154075,-0.01143,0.00617718
2.89653,-0.0162669,-0.0121706,0.00773584
2.89898,-0.0186107,-0.0121898,0.0100247
2.90143,-0.0179651,-0.0121893,0.0108229
2.90388,-0.015622,-0.0121777,0.0107744
2.90634,-0.0258794,-0.0135845,0.0230349
2.90879,-0.0448649,-0.0159739,0.0438212
2.91124,-0.0706345,-0.0196565,0.0568858
2.91369,-0.102096,-0.0244241,0.0634715
2.91615,-0.114328,-0.0269064,0.0423226
2.9186,-0.107077,-0.0270733,-0.00692375
2.92105,-0.0812018,-0.0283081,-0.070603
2.9235,-0.0325375,-0.0308494,-0.151941
2.92596,0.00684641,-0.0278053,-0.219902
2.92841,0.0324662,-0.0164772,-0.26802
2.93086,0.0541721,-0.00850013,-0.283783
2.93331,0.0687888,-0.00659294,-0.240941
2.93577,0.0741928,-0.00257885,-0.18029
2.93822,0.0589645,0.00615376,-0.0797576
2.94067,0.0327445,0.0130331,0.0199388
2.94312,-0.0244901,0.0146834,0.117276
2.94558,-0.0668641,0.0113388,0.204462
2.94803,-0.0548671,-0.0102807,0.254508
2.95048,-0.0516157,-0.0260247,0.285021
2.95294,-0.0917891,-0.0125955,0.21855
2.95539,-0.125366,0.00056688,0.14877
2.95784,-0.110848,0.0117836,0.0548668
2.96029,-0.0965402,0.0221627,-0.0415436
2.96275,-0.0848621,0.0220008,-0.169515
2.9652,-0.0728067,0.0220941,-0.295854
2.96765,-0.0469341,0.03153,-0.36242
2.9701,-0.0210614,0.040966,-0.428987
2.97256,0.0372815,0.0234081,-0.4404
2.97501,0.0963017,0.00528718,-0.450663
2.97746,0.110451,0.00271575,-0.400182
2.97991,0.121355,0.00126895,-0.345308
2.98237,0.096096,0.00407273,-0.249671
2.98482,0.0661623,0.00742594,-0.148764
2.98727,0.0563965,-0.000851699,-0.0329512
2.98972,0.0505146,-0.0113692,0.0857316
2.99218,0.0411611,-0.0144689,0.190795
2.99463,0.0308931,-0.0156146,0.292272
2.99708,0.0241802,-0.0271901,0.363768
2.99953,0.0186875,-0.0423452,0.424974
3.00199,0.0182025,-0.0462113,0.451868
3.00444,0.0198896,-0.0451808,0.463878
3.00689,0.0278338,-0.0443511,0.453225
3.00935,0.0391403,-0.0436292,0.430391
3.0118,0.042251,-0.0402773,0.403508
3.01425,0.0399756,-0.0351971,0.373965
3.0167,0.0340509,-0.0329158,0.332973
3.01916,0.025217,-0.0328658,0.282856
3.02161,0.0164979,-0.0341522,0.229422
3.02406,0.00788942,-0.0367256,0.172795
3.02651,-0.00395171,-0.0404809,0.116387
3.02897,-0.0195514,-0.0456105,0.0602349
3.03142,-0.0323329,-0.0478746,0.00330319
3.03387,-0.0411481,-0.0461059,-0.0547256
3.03632,-0.0466568,-0.0452137,-0.110026
3.03878,-0.0464959,-0.0458247,-0.160648
3.04123,-0.0457037,-0.0449108,-0.208165
3.04368,-0.0435781,-0.0407761,-0.249128
3.04613,-0.0363742,-0.0372261,-0.297001
3.04859,-0.0157365,-0.0352233,-0.363154
3.05104,0.00443784,-0.0342391,-0.426009
3.05349,0.0230372,-0.0367181,-0.477656
3.05594,0.0429911,-0.0366375,-0.520433
3.0584,0.0691039,-0.0249198,-0.522877
3.06085,0.0925063,-0.0128922,-0.527163
3.0633,0.0982818,0.00115101,-0.543433
3.06575,0.101515,0.0153923,-0.559286
3.06821,0.0778119,0.0317314,-0.570711
3.07066,0.0524964,0.0486987,-0.581766
3.07311,-0.0123083,0.0810477,-0.583765
3.07557,-0.077113,0.113397,-0.585763
3.07802,-0.0373244,0.0739201,-0.59919
3.08047,0.00328384,0.0338804,-0.612707
3.08292,0.0458806,-0.019264,-0.584429
3.08538,0.0885925,-0.0731682,-0.553729
3.08783,0.0766565,-0.0873232,-0.512841
3.09028,0.058526,-0.0969725,-0.470799
3.09273,0.046023,-0.0850606,-0.421187
3.09519,0.0345039,-0.0693786,-0.370252
3.09764,0.00579079,-0.0538963,-0.32903
3.10009,-0.0271098,-0.0384626,-0.290174
3.10254,-0.0286202,-0.0336332,-0.216482
3.105,-0.020062,-0.0322052,-0.131617
3.10745,-0.0321179,-0.0306652,-0.0259309
3.1099,-0.0525886,-0.0290795,0.0882543
3.11235,-0.117469,-0.0166737,0.238568
3.11481,-0.204911,0.00122917,0.407237
3.11726,-0.301221,0.0175299,0.551949
3.11971,-0.403058,0.0328324,0.681732
3.12216,-0.418535,-0.00480007,0.636524
3.12462,-0.368618,-0.0825168,0.458804
3.12707,-0.253522,-0.175438,0.332715
3.12952,-0.0787572,-0.28228,0.253893
3.13198,0.0195535,-0.311254,0.193031
3.13443,0.033376,-0.254178,0.152016
3.13688,0.0379886,-0.157388,0.0367498
3.13933,0.0302937,-0.00752981,-0.177739
3.14179,0.0528362,0.112841,-0.359631
3.14424,0.124503,0.185306,-0.488566
3.14669,0.192771,0.223617,-0.555102
3.14914,0.254262,0.193823,-0.497207
3.1516,0.32544,0.158821,-0.46137
3.15405,0.420687,0.110878,-0.480339
3.1565,0.4527,0.0674606,-0.518153
3.15895,0.284427,0.0383763,-0.615658
3.16141,0.13346,-0.000161914,-0.680727
3.16386,0.0548783,-0.0782446,-0.610122
3.16631,-0.00852302,-0.152328,-0.5152
3.16876,0.0169211,-0.203001,-0.277963
3.17122,0.0397959,-0.246188,-0.0530773
3.17367,0.0392629,-0.221185,0.0592923
3.17612,0.0365436,-0.196745,0.165236
3.17857,-0.00612251,-0.182594,0.153769
3.18103,-0.0481891,-0.168497,0.142484
3.18348,0.0320764,-0.165229,0.168282
3.18593,0.112342,-0.161961,0.194079
3.18839,0.104483,-0.133316,0.141896
3.19084,0.092747,-0.103555,0.0862819
3.19329,0.233175,-0.133732,0.0205624
3.19574,0.388497,-0.169776,-0.0461463
3.1982,0.446789,-0.187551,-0.0421994
3.20065,0.489786,-0.202446,-0.0271145
3.2031,0.465831,-0.217114,0.110991
3.20555,0.42686,-0.231731,0.276687
3.20801,0.32607,-0.220943,0.503659
3.21046,0.206794,-0.202559,0.748955
3.21291,0.0315129,-0.150038,0.871863
3.21536,-0.165249,-0.084424,0.947828
3.21782,-0.356614,0.0302704,0.943323
3.22027,-0.545391,0.168514,0.900206
3.22272,-0.696234,0.293761,0.868984
3.22517,-0.82468,0.411332,0.844786
3.22763,-0.87873,0.480491,0.880135
3.23008,-0.879288,0.51484,0.958301
3.23253,-0.813533,0.502499,1.11677
3.23498,-0.690075,0.449529,1.34512
3.23744,-0.505847,0.383585,1.57027
3.23989,-0.257782,0.304012,1.79208
3.24234,-0.0629446,0.248435,2.04677
3.2448,0.064336,0.223313,2.3432
3.24725,0.199015,0.225746,2.56829
3.2497,0.345091,0.270623,2.6835
3.25215,0.502617,0.318717,2.73965
3.25461,0.681727,0.372874,2.68448
3.25706,0.841543,0.424955,2.64611
3.25951,0.956261,0.472182,2.64701
3.26196,1.04494,0.510086,2.67016
3.26442,1.05656,0.520404,2.75915
3.26687,1.05919,0.538938,2.88317
3.26932,1.02706,0.589215,3.14253
3.27177,0.986503,0.647041,3.40067
3.27423,0.901179,0.744932,3.65235
3.27668,0.805405,0.844239,3.86799
3.27913,0.626417,0.954823,3.7966
3.28158,0.444173,1.06397,3.70983
3.28404,0.214748,1.15223,3.40008
3.28649,-0.0162247,1.239,3.08992
3.28894,-0.333959,1.24179,2.75726
3.29139,-0.651693,1.24459,2.42459
3.29385,-0.958167,1.12339,2.19913
3.2963,-1.2643,0.998417,1.97692
3.29875,-1.43377,0.805164,1.91059
3.3012,-1.59191,0.606255,1.85717
3.30366,-1.55892,0.371262,1.92898
3.30611,-1.499,0.131184,2.01843
3.30856,-1.33198,-0.0753072,2.15068
3.31102,-1.14295,-0.274892,2.29173
3.31347,-0.863776,-0.39745,2.42563
3.31592,-0.559536,-0.498591,2.55754
3.31837,-0.264934,-0.500385,2.6931
3.32083,0.0262007,-0.46644,2.82998
3.32328,0.279547,-0.394712,2.99284
3.32573,0.515791,-0.305883,3.16746
3.32818,0.699408,-0.162786,3.45155
3.33064,0.853603,0.0106527,3.79686
3.33309,0.95583,0.220214,4.16965
3.33554,1.02259,0.454427,4.56122
3.33799,1.06062,0.698774,4.85259
3.34045,1.07489,0.9515,5.0611
3.3429,1.05664,1.22062,5.18977
3.34535,1.0059,1.50612,5.23871
3.3478,0.912749,1.79503,5.27041
3.35026,0.768451,2.08807,5.28133
3.35271,0.609241,2.36166,5.2702
3.35516,0.42824,2.60685,5.22686
3.35761,0.25384,2.81845,5.22452
3.36007,0.0912098,2.97014,5.29529
3.36252,-0.051713,3.10976,5.44615
3.36497,-0.151236,3.2228,5.77337
3.36743,-0.237065,3.34377,6.1239
3.36988,-0.284965,3.48673,6.53901
3.37233,-0.322575,3.65368,6.9279
3.37478,-0.32333,3.9066,7.22292
3.37724,-0.309243,4.1744,7.46545
3.37969,-0.223321,4.51423,7.45398
3.38214,-0.125027,4.85121,7.4295
3.38459,0.0604962,5.16805,7.31335
3.38705,0.24915,5.4786,7.2207
3.3895,0.475224,5.71395,7.40901
3.39195,0.699589,5.94782,7.60664
3.3944,0.869006,6.13401,8.10351
3.39686,1.03842,6.32021,8.60038
3.39931,1.12492,6.47581,9.00497
3.40176,1.20999,6.63089,9.40798
3.40421,1.21765,6.75607,9.58983
3.40667,1.22004,6.87921,9.75659
3.40912,1.14393,6.97745,9.96895
3.41157,1.05803,7.0726,10.187
3.41402,0.904035,7.14338,10.4716
3.41648,0.737271,7.2096,10.7686
3.41893,0.511074,7.30044,10.8701
3.42138,0.269561,7.39762,10.9212
3.42384,0.0309137,7.54186,10.7101
3.42629,-0.206769,7.70195,10.4108
3.42874,-0.469782,7.8828,10.0267
3.43119,-0.743595,8.07249,9.60649
3.43365,-1.03006,8.27213,9.22506
3.4361,-1.3232,8.47704,8.86413
3.43855,-1.60005,8.64862,8.53057
3.441,-1.86635,8.79862,8.21473
3.44346,-2.13222,8.90621,7.87566
3.44591,-2.39775,8.98048,7.51835
3.44836,-2.67018,9.02567,7.16615
3.45081,-2.94915,9.04327,6.8188
3.45327,-3.23348,9.07049,6.51524
3.45572,-3.52394,9.10874,6.26187
3.45817,-3.7685,9.17431,6.03995
3.46062,-3.94941,9.27775,5.86167
3.46308,-4.06436,9.42539,5.71911
3.46553,-4.06796,9.64767,5.63687
3.46798,-4.02888,9.91534,5.59191
3.47043,-3.90117,10.2773,5.62442
3.47289,-3.76599,10.6696,5.68752
3.47534,-3.61142,11.1406,5.83011
3.47779,-3.46805,11.6205,5.99482
3.48025,-3.36197,12.1303,6.23325
3.4827,-3.26559,12.6275,6.49052
3.48515,-3.21231,13.0686,6.83137
3.4876,-3.16216,13.5012,7.15042
3.49006,-3.13176,13.8805,7.33189
3.49251,-3.10095,14.2497,7.49931
3.49496,-3.06597,14.5163,7.52428
3.49741,-3.02863,14.7762,7.54857
3.49987,-2.93836,14.8881,7.55773
3.50232,-2.84809,15.0001,7.56689
3.50477,-2.66213,14.9937,7.66249
3.50722,-2.47577,14.9868,7.75846
3.50968,-2.13177,14.8834,7.81665
3.51213,-1.77926,14.7747,7.87279
3.51458,-1.2704,14.5752,7.87589
3.51703,-0.744514,14.3657,7.87322
3.51949,-0.198033,14.105,7.77607
3.52194,0.351949,13.8355,7.66287
3.52439,0.800802,13.5089,7.41299
3.52684,1.22559,13.1687,7.13059
3.5293,1.54133,12.7485,6.75668
3.53175,1.82277,12.3033,6.354
3.5342,1.98561,11.8287,5.8873
3.53665,2.10088,11.3423,5.39492
3.53911,2.10524,10.8213,4.98967
3.54156,2.05414,10.2829,4.62799
3.54401,1.97449,9.67333,4.44755
3.54647,1.87731,9.02014,4.37836
3.54892,1.83135,8.2921,4.33495
3.55137,1.82361,7.50821,4.31077
3.55382,1.84144,6.64083,3.90174
3.55628,1.88236,5.6981,3.14542
3.55873,1.91425,4.7752,2.75585
3.56118,1.93631,3.87388,2.76577
3.56363,1.90242,3.18478,3.53908
3.56609,1.79487,2.77511,5.31764
3.56854,1.4731,2.52526,7.85032
3.57099,0.808549,2.53113,11.5896
3.57344,0.261612,2.59875,13.0531
3.5759,-0.0545528,2.78755,10.0508
3.57835,-0.113687,2.76344,5.96092
3.5808,0.454708,2.21951,-0.784286
3.58325,0.892633,1.57451,-6.4373
3.58571,0.925341,0.615569,-8.69815
3.58816,0.920377,-0.217584,-10.5468
3.59061,0.761409,-0.536536,-10.7103
3.59306,0.60944,-0.807131,-10.8512
3.59552,0.497285,-0.802685,-10.8638
3.59797,0.389193,-0.794101,-10.876
3.60042,0.316689,-0.7493,-10.885
3.60288,0.244181,-0.704854,-10.8928
3.60533,0.171607,-0.666448,-10.8819
3.60778,0.0990513,-0.628019,-10.8708
3.61023,0.0287076,-0.586794,-10.8539
3.61269,-0.0416361,-0.545569,-10.837
3.61514,-0.114307,-0.503856,-10.8391
3.61759,-0.187071,-0.462125,-10.8419
3.62004,-0.257709,-0.411463,-10.82
3.6225,-0.328149,-0.359966,-10.7958
3.62495,-0.396574,-0.320274,-10.7928
3.6274,-0.46469,-0.282386,-10.793
3.62985,-0.528992,-0.238445,-10.7767
3.63231,-0.592459,-0.19318,-10.7569
3.63476,-0.663134,-0.147683,-10.7342
3.63721,-0.735921,-0.102118,-10.7106
3.63966,-0.803534,-0.0614662,-10.7065
3.64212,-0.869199,-0.0226652,-10.7096
3.64457,-0.936362,0.022652,-10.6943
3.64702,-1.00423,0.0710447,-10.6703
3.64947,-1.07499,0.116579,-10.6455
3.65193,-1.14743,0.160451,-10.6201
3.65438,-1.21841,0.207208,-10.6022
3.65683,-1.28835,0.25601,-10.5895
3.65929,-1.35698,0.30236,-10.5709
3.66174,-1.42448,0.346607,-10.5474
3.66419,-1.49305,0.392059,-10.529
3.66664,-1.56273,0.43876,-10.5157
3.6691,-1.63231,0.483447,-10.4987
3.67155,-1.70178,0.525615,-10.477
3.674,-1.77115,0.569671,-10.4557
3.67645,-1.84038,0.616591,-10.4349
3.67891,-1.90786,0.662717,-10.4136
3.68136,-1.97213,0.707371,-10.3914
3.68381,-2.03702,0.754166,-10.3652
3.68626,-2.10335,0.805884,-10.3298
3.68872,-2.16899,0.856396,-10.2971
3.69117,-2.23265,0.903409,-10.272
3.69362,-2.29622,0.949921,-10.2447
3.69607,-2.35951,0.994539,-10.2088
3.69853,-2.42425,1.03877,-10.1727
3.70098,-2.49649,1.08103,-10.1354
3.70343,-2.56813,1.12382,-10.0995
3.70588,-2.63521,1.17072,-10.0748
3.70834,-2.70257,1.2181,-10.0492
3.71079,-2.77386,1.27196,-10.0114
3.71324,-2.8449,1.32567,-9.97367
3.7157,-2.90402,1.37238,-9.94144
3.71815,-2.96314,1.41908,-9.90921
3.7206,-3.02859,1.46341,-9.87787
3.72305,-3.09421,1.50768,-9.84656
3.72551,-3.15929,1.54969,-9.80527
3.72796,-3.22433,1.59153,-9.76319
3.73041,-3.2868,1.64148,-9.72195
3.73286,-3.34891,1.69255,-9.68081
3.73532,-3.41248,1.73371,-9.63657
3.73777,-3.47634,1.77289,-9.59171
3.74022,-3.53784,1.81562,-9.54945
3.74267,-3.59869,1.85931,-9.50789
3.74513,-3.66251,1.90633,-9.46532
3.74758,-3.72737,1.95452,-9.42238
3.75003,-3.78692,2.00092,-9.37689
3.75248,-3.84409,2.04652,-9.33026
3.75494,-3.90379,2.09651,-9.28579
3.75739,-3.96488,2.14891,-9.24249
3.75984,-4.02272,2.19414,-9.19702
3.76229,-4.07839,2.23454,-9.15007
3.76475,-4.1349,2.27608,-9.09854
3.7672,-4.19211,2.31857,-9.04327
3.76965,-4.2501,2.35975,-8.99206
3.7721,-4.30885,2.39964,-8.94484
3.77456,-4.36614,2.44153,-8.89383
3.77701,-4.4217,2.48577,-8.83833
3.77946,-4.47595,2.52892,-8.78615
3.78192,-4.52831,2.5705,-8.73875
3.78437,-4.58374,2.61196,-8.69174
3.78682,-4.64455,2.65319,-8.64543
3.78927,-4.70211,2.69506,-8.59726
3.79173,-4.75263,2.7383,-8.54505
3.79418,-4.80354,2.78146,-8.49189
3.79663,-4.85548,2.82438,-8.43612
3.79908,-4.90722,2.8672,-8.37905
3.80154,-4.95822,2.90967,-8.31744
3.80399,-5.00947,2.95208,-8.25521
3.80644,-5.06189,2.99416,-8.19007
3.80889,-5.11359,3.03649,-8.12598
3.81135,-5.16041,3.08051,-8.069
3.8138,-5.20771,3.12393,-8.01155
3.81625,-5.26059,3.1605,-7.94873
3.8187,-5.31337,3.19722,-7.88586
3.82116,-5.36298,3.23805,-7.82186
3.82361,-5.4126,3.27888,-7.75785
3.82606,-5.45897,3.32388,-7.6996
3.82851,-5.50529,3.36894,-7.64144
3.83097,-5.54853,3.40693,-7.58439
3.83342,-5.59156,3.44446,-7.52741
3.83587,-5.63792,3.47741,-7.46731
3.83833,-5.68467,3.5098,-7.40683
3.84078,-5.73261,3.54572,-7.33943
3.84323,-5.78076,3.58228,-7.27077
3.84568,-5.82816,3.62217,-7.20304
3.84814,-5.87537,3.66289,-7.13554
3.85059,-5.91831,3.70322,-7.06544
3.85304,-5.95985,3.74342,-6.99448
3.85549,-6.00561,3.78487,-6.92108
3.85795,-6.05315,3.82684,-6.84667
3.8604,-6.09387,3.8623,-6.77921
3.86285,-6.13105,3.89439,-6.71536
3.8653,-6.17046,3.93186,-6.64936
3.86776,-6.21131,3.97277,-6.582
3.87021,-6.25553,4.00938,-6.51138
3.87266,-6.30236,4.04267,-6.43822
3.87511,-6.34502,4.07565,-6.36571
3.87757,-6.38377,4.10833,-6.29382
3.88002,-6.41982,4.14295,-6.22577
3.88247,-6.45282,4.17976,-6.16207
3.88492,-6.48932,4.21534,-6.09592
3.88738,-6.5306,4.24921,-6.02641
3.88983,-6.56707,4.28199,-5.9556
3.89228,-6.59555,4.31295,-5.88263
3.89474,-6.62519,4.34524,-5.80855
3.89719,-6.65719,4.38023,-5.73219
3.89964,-6.69083,4.4144,-5.65553
3.90209,-6.72869,4.44642,-5.57808
3.90455,-6.76626,4.4783,-5.50259
3.907,-6.80292,4.50967,-5.43345
3.90945,-6.83847,4.54049,-5.36236
3.9119,-6.86924,4.56892,-5.28276
3.91436,-6.9005,4.59759,-5.20399
3.91681,-6.9347,4.6277,-5.13037
3.91926,-6.96835,4.65796,-5.05642
3.92171,-6.99662,4.68973,-4.97941
3.92417,-7.02483,4.72136,-4.90268
3.92662,-7.05184,4.75012,-4.83159
3.92907,-7.07885,4.77889,-4.7605
3.93152,-7.1092,4.80697,-4.67904
3.93398,-7.13956,4.83505,-4.59757
3.93643,-7.15752,4.86473,-4.51509
3.93888,-7.17486,4.89448,-4.43256
3.94133,-7.20364,4.9215,-4.34275
3.94379,-7.23363,4.94823,-4.25219
3.94624,-7.2524,4.97635,-4.17076
3.94869,-7.26932,5.0047,-4.09083
3.95115,-7.28507,5.02869,-4.00628
3.9536,-7.30055,5.05167,-3.92066
3.95605,-7.32565,5.07587,-3.83603
3.9585,-7.35371,5.10046,-3.75171
3.96096,-7.37736,5.12953,-3.66833
3.96341,-7.39926,5.16037,-3.5853
3.96586,-7.4217,5.18602,-3.49846
3.96831,-7.44439,5.20911,-3.40975
3.97077,-7.45882,5.22881,-3.31897
3.97322,-7.46826,5.24647,-3.22694
3.97567,-7.48217,5.26771,-3.13701
3.97812,-7.49938,5.29159,-3.04864
3.98058,-7.51325,5.31752,-2.95848
3.98303,-7.52417,5.34527,-2.86672
3.98548,-7.53766,5.36813,-2.78008
3.98793,-7.55391,5.38574,-2.69896
3.99039,-7.56738,5.40706,-2.61841
3.99284,-7.57723,5.43319,-2.53861
3.99529,-7.58547,5.45719,-2.45479
3.99774,-7.5912,5.47784,-2.36461
4.0002,-7.59629,5.49742,-2.2733
4.00265,-7.60017,5.51491,-2.17979
4.0051,-7.60418,5.53214,-2.08395
4.00755,-7.60852,5.54876,-1.98252
4.01001,-7.61179,5.56575,-1.8849
4.01246,-7.61184,5.58384,-1.79892
4.01491,-7.61242,5.60175,-1.71136
4.01737,-7.61514,5.61895,-1.61756
4.01982,-7.61826,5.63457,-1.52363
4.02227,-7.62358,5.64152,-1.42899
4.02472,-7.62769,5.64937,-1.33377
4.02718,-7.62157,5.66471,-1.2337
4.02963,-7.61546,5.68,-1.1336
4.03208,-7.60948,5.69444,-1.03286
4.03453,-7.60341,5.70883,-0.932209
4.03699,-7.59056,5.71994,-0.837877
4.03944,-7.5777,5.73105,-0.743544
4.04189,-7.57167,5.74346,-0.637365
4.04434,-7.5659,5.75591,-0.530756
4.0468,-7.55367,5.76318,-0.423734
4.04925,-7.54086,5.76998,-0.316675
4.0517,-7.51988,5.7759,-0.215382
4.05415,-7.49769,5.78169,-0.114944
4.05661,-7.48312,5.78857,-0.0122757
4.05906,-7.47019,5.79568,0.0908686
4.06151,-7.4553,5.80383,0.197811
4.06396,-7.43985,5.81228,0.305843
4.06642,-7.42256,5.81994,0.417415
4.06887,-7.40461,5.82732,0.530296
4.07132,-7.38488,5.83237,0.635313
4.07378,-7.36433,5.83635,0.736681
4.07623,-7.32011,5.82826,0.834436
4.07868,-7.26232,5.81326,0.930123
4.08113,-7.20881,5.7963,1.02086
4.08359,-7.15828,5.77796,1.10814
4.08604,-7.1066,5.7616,1.19464
4.08849,-7.05395,5.74691,1.2805
4.09094,-7.00026,5.7283,1.36445
4.0934,-6.9455,5.70567,1.44645
4.09585,-6.88981,5.68364,1.52879
4.0983,-6.833,5.66235,1.61153
4.10075,-6.77348,5.64252,1.69645
4.10321,-6.70992,5.6249,1.78462
4.10566,-6.64645,5.60773,1.86729
4.10811,-6.58313,5.5914,1.93993
4.11056,-6.52061,5.57333,2.00708
4.11302,-6.45988,5.55133,2.06184
4.11547,-6.39921,5.52906,2.1174
4.11792,-6.33869,5.50606,2.17526
4.12037,-6.27379,5.48185,2.23325
4.12283,-6.19269,5.45315,2.29172
4.12528,-6.11319,5.42429,2.34952
4.12773,-6.04176,5.39463,2.40391
4.13019,-5.9701,5.36512,2.45615
4.13264,-5.89673,5.33679,2.49243
4.13509,-5.82289,5.3082,2.52708
4.13754,-5.74302,5.27645,2.5407
4.14,-5.66293,5.24484,2.55359
4.14245,-5.57436,5.21893,2.53765
4.1449,-5.4858,5.19302,2.52171
4.14735,-5.33007,5.04517,1.62698
4.14981,-5.17281,4.89455,0.712216
4.15226,-2.36183,0.798228,-12.5472
4.15471,0.646762,-3.59192,-26.7259
4.15716,7.12548,-16.2375,-59.7743
4.15962,14.061,-29.9697,-95.3065
4.16207,16.1266,-46.0717,-119.425
4.16452,17.2415,-62.6363,-141.315
4.16697,15.9744,-81.7296,-148.04
4.16943,14.0728,-101.496,-150.726
4.17188,12.0124,-113.902,-151.241
4.17433,9.89714,-123.757,-151.005
4.17678,12.575,-121.154,-134.836
4.17924,17.3504,-113.099,-111.697
4.18169,21.6333,-94.7218,-88.6795
4.18414,25.6494,-70.7512,-65.7288
4.1866,26.2049,-45.5037,-43.6376
4.18905,24.4686,-19.4106,-22.1156
4.1915,20.9646,1.0727,-8.81088
4.19395,16.0408,17.05,-2.10641
4.19641,11.2868,26.8179,-0.430341
4.19886,6.69756,30.561,-3.63314
4.20131,2.49238,31.7402,-6.27916
4.20376,-1.26294,29.9161,-8.27297
4.20622,-4.42875,27.6965,-9.3142
4.20867,-6.75846,24.9158,-9.00438
4.21112,-8.60127,22.2105,-8.11281
4.21357,-9.60247,19.6356,-6.21565
4.21603,-10.2812,17.1039,-4.32809
4.21848,-10.273,14.6646,-2.46094
4.22093,-10.1973,12.4317,-0.680552
4.22338,-9.94153,10.75,0.868203
4.22584,-9.66698,9.16569,2.27486
4.22829,-9.32809,7.91589,3.19332
4.23074,-8.98836,6.70232,4.01489
4.23319,-8.64476,5.65558,4.39029
4.23565,-8.30824,4.63811,4.74826
4.2381,-8.01852,3.81411,4.99097
4.24055,-7.73849,3.01794,5.21347
4.243,-7.5635,2.52366,5.21661
4.24546,-7.39135,2.04198,5.21371
4.24791,-7.29204,1.88488,5.05515
4.25036,-7.19272,1.72778,4.89658
4.25282,-7.14727,1.74652,4.64409
4.25527,-7.10234,1.76698,4.39068
4.25772,-7.08895,1.82668,4.08402
4.26017,-7.07746,1.88874,3.77417
4.26263,-7.04165,1.93559,3.54439
4.26508,-7.00303,1.98069,3.32387
4.26753,-6.91793,2.0033,3.09231
4.26998,-6.82459,2.02193,2.8588
4.27244,-6.75144,2.0492,2.64156
4.27489,-6.68328,2.07861,2.42834
4.27734,-6.61502,2.10371,2.23783
4.27979,-6.54673,2.12741,2.05467
4.28225,-6.47034,2.14712,1.84334
4.2847,-6.39063,2.1652,1.62039
4.28715,-6.29283,2.17176,1.42692
4.2896,-6.18578,2.17242,1.24855
4.29206,-6.03783,2.1523,1.08586
4.29451,-5.8642,2.11911,0.933006
4.29696,-5.575,2.01613,0.783413
4.29941,-5.1976,1.85989,0.636306
4.30187,-4.65388,1.60633,0.51924
4.30432,-3.95677,1.26302,0.429882
4.30677,-3.20051,0.841647,0.344408
4.30923,-2.37839,0.333359,0.263259
4.31168,-1.67618,-0.179975,0.191521
4.31413,-1.13541,-0.700105,0.132455
4.31658,-0.764459,-1.17341,0.0478497
4.31904,-0.671565,-1.57004,-0.0785769
4.32149,-0.667735,-1.91549,-0.23151
4.32394,-0.842997,-2.15801,-0.437745
4.32639,-1.04358,-2.35049,-0.640801
4.32885,-1.30766,-2.41748,-0.835891
4.3313,-1.57865,-2.45092,-1.03234
4.33375,-1.87175,-2.37703,-1.23315
4.3362,-2.17553,-2.27616,-1.4348
4.33866,-2.52448,-2.06112,-1.64
4.34111,-2.89037,-1.82603,-1.846
4.34356,-3.35693,-1.47183,-2.05671
4.34601,-3.82934,-1.10927,-2.27213
4.34847,-4.35609,-0.669029,-2.53121
4.35092,-4.88218,-0.228542,-2.79134
4.35337,-5.39568,0.216596,-3.07118
4.35582,-5.90896,0.661668,-3.35106
4.35828,-6.34791,1.08452,-3.64471
4.36073,-6.78687,1.50736,-3.93836
4.36318,-7.13881,1.8739,-4.22965
4.36564,-7.48675,2.23784,-4.52084
4.36809,-7.74139,2.54243,-4.78038
4.37054,-7.98669,2.84108,-5.03676
4.37299,-8.14178,3.06773,-5.28569
4.37545,-8.28244,3.28286,-5.53343
4.3779,-8.35525,3.44749,-5.75366
4.38035,-8.41265,3.60065,-5.96763
4.3828,-8.40485,3.72075,-6.15791
4.38526,-8.37736,3.83086,-6.34103
4.38771,-8.26572,3.90155,-6.5226
4.39016,-8.12151,3.95697,-6.70357
4.39261,-7.92786,3.98035,-6.85982
4.39507,-7.71029,3.98824,-7.00412
4.39752,-7.47836,3.97374,-7.15076
4.39997,-7.23788,3.94592,-7.29881
4.40242,-6.99593,3.89083,-7.43046
4.40488,-6.75291,3.81597,-7.55023
4.40733,-6.50941,3.72611,-7.63678
4.40978,-6.26547,3.62308,-7.69421
4.41223,-6.00946,3.51217,-7.75597
4.41469,-5.74067,3.39291,-7.82231
4.41714,-5.45397,3.26575,-7.8828
4.41959,-5.14438,3.12848,-7.93581
4.42205,-4.87162,2.99794,-7.76275
4.4245,-4.65602,2.87788,-7.23876
4.42695,-4.85998,2.88516,-4.02714
4.4294,-5.86125,3.13447,4.2919
4.43186,-8.14571,3.72432,16.3197
4.43431,-13.4563,5.11724,37.0938
4.43676,-18.7087,5.91477,55.6599
4.43921,-23.7871,4.9333,67.6286
4.44167,-28.1359,3.50527,76.6848
4.44412,-29.633,0.331995,74.3584
4.44657,-30.632,-2.76826,70.812
4.44902,-28.9502,-5.47564,60.7014
4.45148,-27.1496,-7.94762,50.422
4.45393,-24.3845,-8.5093,38.7723
4.45638,-21.5375,-8.89674,26.9656
4.45883,-17.4666,-6.67881,12.8097
4.46129,-13.3755,-4.43049,-1.3218
4.46374,-8.01231,-0.272964,-13.9205
4.46619,-2.64916,3.88456,-26.5193
4.46864,0.466169,8.15222,-26.9085
4.4711,3.50876,12.4234,-26.9027
4.47355,3.35246,13.3928,-20.8504
4.476,2.92417,14.0813,-14.2839
4.47845,2.15891,12.1076,-10.1229
4.48091,1.34533,9.75223,-6.30681
4.48336,0.649359,7.7441,-4.83737
4.48581,-0.0221158,5.8083,-3.85675
4.48827,-0.487323,4.55988,-3.73281
4.49072,-0.894551,3.50469,-3.84967
4.49317,-1.10356,2.78835,-3.99726
4.49562,-1.24058,2.19509,-4.15601
4.49808,-1.16156,1.53347,-4.04335
4.50053,-0.9839,0.840647,-3.80677
4.50298,-0.685763,0.0408147,-3.10869
4.50543,-0.319719,-0.819328,-2.1505
4.50789,-0.0238982,-1.45755,-1.02465
4.51034,0.223631,-1.94316,0.216482
4.51279,0.397284,-2.24644,1.26192
4.51524,0.509388,-2.39783,2.14432
4.5177,0.606976,-2.48622,2.74749
4.52015,0.68996,-2.51123,3.06974
4.5226,0.725195,-2.47467,3.11496
4.52505,0.702415,-2.36328,2.82361
4.52751,0.638264,-2.20798,2.40158
4.52996,0.513196,-1.988,1.78713
4.53241,0.381894,-1.76075,1.17265
4.53486,0.239385,-1.52044,0.558122
4.53732,0.103339,-1.26938,0.0168688
4.53977,-0.0183498,-0.994462,-0.361603
4.54222,-0.121995,-0.732767,-0.647805
4.54468,-0.175183,-0.508049,-0.675988
4.54713,-0.221883,-0.303572,-0.657295
4.54958,-0.245089,-0.17239,-0.46885
4.55203,-0.270855,-0.0545723,-0.254061
4.55449,-0.309172,-0.00229712,0.0899208
4.55694,-0.352534,0.0392264,0.447765
4.55939,-0.432078,0.00363191,0.905046
4.56184,-0.51666,-0.0398115,1.36347
4.5643,-0.663053,-0.179583,1.83597
4.56675,-0.811106,-0.320982,2.31049
4.5692,-1.01606,-0.518201,2.85472
4.57165,-1.22101,-0.71542,3.39894
4.57411,-1.4594,-0.902777,3.8858
4.57656,-1.69842,-1.08995,4.37157
4.57901,-1.833,-1.31946,4.38669
4.58146,-1.96023,-1.55196,4.3687
4.58392,-1.83295,-1.75258,3.89426
4.58637,-1.67334,-1.94915,3.36183
4.58882,-1.21447,-1.9334,2.66023
4.59127,-0.698713,-1.87729,1.92647
4.59373,0.00243375,-1.57743,1.12687
4.59618,0.751901,-1.21404,0.310107
4.59863,1.35879,-0.671891,-0.436576
4.60109,1.91719,-0.0689461,-1.15943
4.60354,2.08194,0.62985,-1.73354
4.60599,2.07734,1.36988,-2.24367
4.60844,1.80825,2.05862,-2.62893
4.6109,1.3981,2.72,-2.9476
4.61335,1.00261,3.13293,-3.21127
4.6158,0.61668,3.38377,-3.43907
4.61825,0.314537,3.32734,-3.62527
4.62071,0.0787217,3.02766,-3.77854
4.62316,-0.121078,2.64976,-3.77426
4.62561,-0.286434,2.19706,-3.61929
4.62806,-0.416332,1.78727,-3.28663
4.63052,-0.50529,1.42703,-2.7488
4.63297,-0.519337,1.08353,-2.03189
4.63542,-0.428701,0.763425,-1.06471
4.63787,-0.305097,0.447523,-0.0234696
4.64033,-0.125381,0.138777,1.1438
4.64278,0.0233748,-0.162303,2.24281
4.64523,0.107264,-0.447316,3.19879
4.64768,0.156148,-0.720016,4.04297
4.65014,0.113236,-0.960423,4.59395
4.65259,0.0540356,-1.1753,5.03353
4.65504,-0.0599893,-1.30426,5.09813
4.65749,-0.18133,-1.40738,5.08704
4.65995,-0.335544,-1.39442,4.73582
4.6624,-0.485838,-1.36313,4.3544
4.66485,-0.611013,-1.21439,3.77939
4.66731,-0.724995,-1.05813,3.20158
4.66976,-0.722967,-0.823927,2.59464
4.67221,-0.720569,-0.589431,1.9909
4.67466,-0.70955,-0.348217,1.46189
4.67712,-0.698531,-0.107003,0.932893
4.67957,-0.676444,0.0422318,0.504512
4.68202,-0.65429,0.190908,0.0767424
4.68447,-0.561529,0.193091,-0.215466
4.68693,-0.464812,0.187068,-0.500079
4.68938,-0.317193,0.103674,-0.647672
4.69183,-0.163913,0.011677,-0.780028
4.69428,-0.00984735,-0.0693997,-0.800715
4.69674,0.144353,-0.148593,-0.802145
4.69919,0.28587,-0.169758,-0.743471
4.70164,0.424332,-0.176946,-0.67032
4.70409,0.517697,-0.121782,-0.583239
4.70655,0.596734,-0.0468065,-0.49173
4.709,0.593236,0.0674716,-0.397136
4.71145,0.556331,0.197658,-0.301293
4.7139,0.470932,0.332738,-0.205623
4.71636,0.361088,0.470286,-0.110042
4.71881,0.242596,0.56538,-0.0116739
4.72126,0.118757,0.634216,0.0884168
4.72372,-0.00201642,0.670797,0.221795
4.72617,-0.120484,0.683126,0.380201
4.72862,-0.223435,0.67552,0.57404
4.73107,-0.312278,0.64979,0.800094
4.73353,-0.372962,0.604373,1.04946
4.73598,-0.402744,0.537353,1.32442
4.73843,-0.398332,0.458026,1.58724
4.74088,-0.348548,0.362369,1.83395
4.74334,-0.29597,0.265052,2.02961
4.74579,-0.238886,0.165057,2.14295
4.74824,-0.182286,0.0702626,2.20135
4.75069,-0.126642,-0.0142414,2.15106
4.75315,-0.084032,-0.0877054,2.05762
4.7556,-0.0735334,-0.133971,1.85788
4.75805,-0.0653823,-0.169916,1.639
4.7605,-0.0645962,-0.173481,1.36007
4.76296,-0.0647477,-0.168239,1.07939
4.76541,-0.068778,-0.126564,0.791439
4.76786,-0.0738532,-0.0836923,0.512513
4.77031,-0.08496,-0.0339104,0.285652
4.77277,-0.094885,0.0131857,0.0677538
4.77522,-0.0942497,0.0362833,-0.0700629
4.77767,-0.0925943,0.0584654,-0.202985
4.78013,-0.0729394,0.0644927,-0.249541
4.78258,-0.0532187,0.0703456,-0.295356
4.78503,-0.0236295,0.0500259,-0.229751
4.78748,0.00595969,0.0297063,-0.164146
4.78994,0.0385029,0.0268226,-0.0201959
4.79239,0.0711705,0.0246729,0.127052
4.79484,0.083192,0.0284689,0.299678
4.79729,0.0932359,0.0328345,0.474736
4.79975,0.0915665,0.0450208,0.629358
4.8022,0.0880778,0.0584218,0.780807
4.80465,0.0617416,0.0756537,0.903414
4.8071,0.0303406,0.0937349,1.01963
4.80956,-0.0102251,0.112035,1.08707
4.81201,-0.0535047,0.130399,1.14008
4.81446,-0.0836318,0.145875,1.15583
4.81691,-0.108758,0.160253,1.15741
4.81937,-0.129611,0.175244,1.14319
4.82182,-0.148429,0.190527,1.12145
4.82427,-0.160255,0.200534,1.07913
4.82672,-0.167983,0.207449,1.02475
4.82918,-0.166384,0.20256,0.966342
4.83163,-0.158127,0.189243,0.905052
4.83408,-0.139823,0.175038,0.843807
4.83654,-0.112838,0.160067,0.782602
4.83899,-0.0902464,0.142957,0.727145
4.84144,-0.0722378,0.123616,0.677684
4.84389,-0.0580908,0.111512,0.629271
4.84635,-0.0488107,0.108527,0.58218
4.8488,-0.0439107,0.103603,0.548033
4.85125,-0.0457083,0.0957128,0.533678
4.8537,-0.0506288,0.0885247,0.526647
4.85616,-0.0613906,0.0826495,0.533315
4.85861,-0.070733,0.078739,0.541386
4.86106,-0.076785,0.0793831,0.55271
4.86351,-0.0834836,0.0787175,0.571756
4.86597,-0.0920781,0.0742127,0.613438
4.86842,-0.0993006,0.0696107,0.653659
4.87087,-0.101278,0.0646371,0.688292
4.87332,-0.102968,0.0599741,0.722171
4.87578,-0.103152,0.0569384,0.752104
4.87823,-0.102059,0.0538626,0.779918
4.88068,-0.0909644,0.0504733,0.791137
4.88313,-0.0798868,0.0470748,0.801271
4.88559,-0.0690432,0.0435475,0.796131
4.88804,-0.0581104,0.0403351,0.79063
4.89049,-0.0426308,0.0531445,0.766807
4.89294,-0.0271513,0.0659539,0.742984
4.8954,-0.0183208,0.0743198,0.712369
4.89785,-0.00967999,0.082559,0.681561
4.9003,-0.00504375,0.0932131,0.659423
4.90276,-0.000731097,0.104062,0.637987
4.90521,-0.00429712,0.11314,0.626821
4.90766,-0.00895565,0.121972,0.617081
4.91011,-0.00944948,0.123343,0.622878
4.91257,-0.00909756,0.123199,0.63183
4.91502,-0.0159074,0.12696,0.653595
4.91747,-0.0246881,0.131796,0.678885
4.91992,-0.0351483,0.129895,0.707597
4.92238,-0.0462073,0.125591,0.73753
4.92483,-0.0573055,0.116537,0.756153
4.92728,-0.0684214,0.10535,0.7697
4.92973,-0.0781476,0.0956593,0.778733
4.93219,-0.0871028,0.0867988,0.785261
4.93464,-0.0948138,0.0820954,0.783435
4.93709,-0.101682,0.0802086,0.775949
4.93954,-0.107406,0.0833764,0.768473
4.942,-0.11219,0.0906949,0.761005
4.94445,-0.117042,0.092036,0.748852
4.9469,-0.121963,0.0874495,0.732052
4.94935,-0.118408,0.0774849,0.705693
4.95181,-0.104703,0.0610805,0.667888
4.95426,-0.0986418,0.0541592,0.640589
4.95671,-0.103669,0.0609948,0.628529
4.95917,-0.103589,0.0711417,0.621534
4.96162,-0.0944733,0.0871489,0.623499
4.96407,-0.0845823,0.0965178,0.626929
4.96652,-0.0729984,0.0913857,0.633557
4.96898,-0.0645123,0.086248,0.63831
4.97143,-0.0645305,0.0810953,0.637917
4.97388,-0.0640242,0.0785141,0.642148
4.97633,-0.0616583,0.0850503,0.662779
4.97879,-0.0596969,0.0924058,0.684215
4.98124,-0.0596699,0.103679,0.709494
4.98369,-0.0590544,0.11379,0.731533
4.98614,-0.0543555,0.115844,0.731083
4.9886,-0.0500297,0.116985,0.729527
4.99105,-0.050056,0.107475,0.715065
4.9935,-0.0499355,0.0983437,0.701125
4.99595,-0.0453611,0.100668,0.70304
4.99841,-0.0407867,0.102992,0.704955
5.00086,-0.0431207,0.100782,0.699965
5.00331,-0.0455605,0.0985031,0.694869
5.00576,-0.0391438,0.085293,0.689776
5.00822,-0.0321405,0.071359,0.684683
5.01067,-0.0334064,0.0658101,0.685837
5.01312,-0.0356851,0.0612883,0.687756
5.01558,-0.039853,0.0704908,0.687697
5.01803,-0.0443706,0.0822326,0.687273
5.02048,-0.0488458,0.0808556,0.688707
5.02293,-0.0533102,0.0761338,0.690616
5.02539,-0.0560545,0.0713444,0.694275
5.02784,-0.0582249,0.0665325,0.698518
5.03029,-0.0669776,0.069902,0.699474
5.03274,-0.0785138,0.0767311,0.69904
5.0352,-0.082458,0.0835383,0.697077
5.03765,-0.0824174,0.0903341,0.694312
5.0401,-0.0824637,0.0914211,0.691553
5.04255,-0.0825656,0.0888394,0.688798
5.04501,-0.0827079,0.0862717,0.682109
5.04746,-0.0828817,0.0837148,0.672352
5.04991,-0.0854847,0.0859955,0.665007
5.05236,-0.0903777,0.0928367,0.659937
5.05482,-0.0930489,0.0953256,0.654868
5.05727,-0.0931916,0.0928616,0.649802
5.05972,-0.0903456,0.0904188,0.646703
5.06217,-0.0833842,0.0880054,0.646312
5.06463,-0.0755177,0.089958,0.64592
5.06708,-0.0661341,0.099228,0.645526
5.06953,-0.0613024,0.106213,0.64513
5.07199,-0.0658528,0.108487,0.644732
5.07444,-0.0710484,0.108794,0.648254
5.07689,-0.0779056,0.104033,0.661873
5.07934,-0.0825979,0.0987292,0.676033
5.0818,-0.0801493,0.0916366,0.691973
5.08425,-0.0768427,0.0858468,0.706175
5.0867,-0.0697722,0.085772,0.712752
5.08915,-0.0633669,0.0853668,0.718682
5.09161,-0.0610966,0.0829083,0.720583
5.09406,-0.058831,0.0810941,0.7212
5.09651,-0.0566114,0.0856702,0.709084
5.09896,-0.0544982,0.0899348,0.697073
5.10142,-0.0546646,0.0875222,0.68731
5.10387,-0.054831,0.0851096,0.677547
5.10632,-0.0573287,0.0873106,0.670127
5.10877,-0.0598322,0.0895229,0.662713
5.11123,-0.0600206,0.0894922,0.644199
5.11368,-0.0600886,0.0893448,0.625107
5.11613,-0.0579387,0.0871062,0.620809
5.11858,-0.055552,0.0846444,0.618091
5.12104,-0.0571083,0.0842084,0.625378
5.12349,-0.0593252,0.0841118,0.634341
5.12594,-0.065284,0.0840338,0.645185
5.12839,-0.0721234,0.08396,0.656472
5.13085,-0.0753757,0.0803228,0.665966
5.1333,-0.0775105,0.0755756,0.674901
5.13575,-0.0729568,0.070766,0.682156
5.13821,-0.0657431,0.0659316,0.688742
5.14066,-0.0664075,0.067348,0.696887
5.14311,-0.0709794,0.0718648,0.705806
5.14556,-0.0741408,0.0749249,0.707461
5.14802,-0.0764428,0.0770976,0.70469
5.15047,-0.0788249,0.0752571,0.701926
5.15292,-0.0812665,0.0704431,0.699165
5.15537,-0.0811247,0.0691965,0.690249
5.15783,-0.0786679,0.0711466,0.675817
5.16028,-0.0750954,0.0742141,0.662557
5.16273,-0.0703162,0.0784903,0.650564
5.16518,-0.06857,0.0797351,0.638614
5.16764,-0.0707899,0.0770164,0.626722
5.17009,-0.0711918,0.075221,0.616659
5.17254,-0.0687065,0.074892,0.609504
5.17499,-0.0662121,0.0784997,0.604729
5.17745,-0.0637001,0.089772,0.60459
5.1799,-0.0625364,0.0976201,0.60445
5.18235,-0.0646368,0.0971783,0.60431
5.1848,-0.0644511,0.0950359,0.60417
5.18726,-0.0572317,0.0876613,0.60403
5.18971,-0.0513995,0.0802986,0.60435
5.19216,-0.051176,0.0729844,0.60653
5.19462,-0.05096,0.0677812,0.608357
5.19707,-0.0507856,0.0744235,0.608201
5.19952,-0.0506138,0.0805764,0.608528
5.20197,-0.0504646,0.0825239,0.613014
5.20443,-0.0503155,0.0838053,0.616966
5.20688,-0.0501678,0.0741131,0.612135
5.20933,-0.0500202,0.0644929,0.607281
5.21178,-0.0498738,0.0618406,0.60017
5.21424,-0.0497275,0.0591884,0.59306
5.21669,-0.0540742,0.0632365,0.594945
5.21914,-0.0585926,0.0675406,0.597173
5.22159,-0.0609286,0.0633135,0.599383
5.22405,-0.063065,0.058306,0.601592
5.2265,-0.0631702,0.0593608,0.597736
5.22895,-0.0629697,0.0613282,0.592967
5.2314,-0.0627314,0.0633017,0.584415
5.23386,-0.0624849,0.0652764,0.575045
5.23631,-0.0586253,0.0672754,0.569331
5.23876,-0.0537176,0.0692813,0.564677
5.24121,-0.0555958,0.0763595,0.561741
5.24367,-0.0600078,0.0853318,0.559447
5.24612,-0.0644108,0.0831941,0.558746
5.24857,-0.0688097,0.0758545,0.558791
5.25103,-0.0702285,0.0700088,0.560306
5.25348,-0.0699277,0.0650253,0.562669
5.25593,-0.0669184,0.0654865,0.563659
5.25838,-0.0620039,0.0697776,0.563683
5.26084,-0.0583772,0.0715696,0.561202
5.26329,-0.0558473,0.0712333,0.556589
5.26574,-0.0567591,0.0674549,0.555425
5.26819,-0.0612097,0.0601372,0.557808
5.27065,-0.0625613,0.0559293,0.558115
5.2731,-0.0600636,0.0555839,0.555841
5.27555,-0.0575835,0.0580266,0.551723
5.278,-0.0551301,0.0646692,0.54483
5.28046,-0.0510341,0.0688504,0.538773
5.28291,-0.0439144,0.0685003,0.534255
5.28536,-0.0403572,0.0674436,0.529042
5.28781,-0.0449194,0.0647767,0.522244
5.29027,-0.0494655,0.0621155,0.516656
5.29272,-0.0539657,0.0594707,0.514553
5.29517,-0.056985,0.057325,0.512942
5.29762,-0.0544646,0.0570459,0.513174
5.30008,-0.0511871,0.0560068,0.512646
5.30253,-0.0440483,0.0510906,0.508237
5.30498,-0.0382723,0.0472638,0.504375
5.30744,-0.0427918,0.0516665,0.504643
5.30989,-0.0468207,0.0555802,0.505396
5.31234,-0.0443194,0.052987,0.51262
5.31479,-0.0419241,0.0505003,0.519683
5.31725,-0.044059,0.0525681,0.519886
5.3197,-0.046194,0.0546359,0.520089
5.32215,-0.0505752,0.0543762,0.511235
5.3246,-0.0550121,0.054059,0.502157
5.32706,-0.0572381,0.0537646,0.497458
5.32951,-0.0592947,0.053472,0.493094
5.33196,-0.063445,0.0572532,0.496947
5.33441,-0.0678758,0.0615803,0.501901
5.33687,-0.0683825,0.0620052,0.497138
5.33932,-0.0681127,0.0616579,0.490452
5.34177,-0.0642281,0.0631576,0.487466
5.34422,-0.0593698,0.0651549,0.485477
5.34668,-0.0579957,0.0619862,0.480064
5.34913,-0.0578409,0.0570097,0.473453
5.35158,-0.0560779,0.0585152,0.471709
5.35403,-0.053605,0.0628821,0.472112
5.35649,-0.0496295,0.0596931,0.472513
5.35894,-0.0448334,0.0523767,0.472911
5.36139,-0.045626,0.0520673,0.466353
5.36384,-0.0501487,0.0564347,0.45515
5.3663,-0.0494955,0.0556801,0.450408
5.36875,-0.0446534,0.0507804,0.450896
5.3712,-0.0433631,0.0529152,0.450208
5.37366,-0.0455446,0.0619263,0.448372
5.37611,-0.0466429,0.0645186,0.450798
5.37856,-0.0464627,0.0595354,0.458255
5.38101,-0.0472278,0.0555249,0.459957
5.38347,-0.0493441,0.0529048,0.453433
5.38592,-0.050626,0.0519833,0.449466
5.38837,-0.0504541,0.0540215,0.449958
5.39082,-0.0510193,0.0531154,0.451184
5.39328,-0.0531679,0.045884,0.453992
5.39573,-0.0528076,0.0405456,0.456165
5.39818,-0.0456836,0.0403103,0.45663
5.40063,-0.0406525,0.0379904,0.456057
5.40309,-0.0428908,0.0284298,0.45188
5.40554,-0.0443113,0.0221588,0.448118
5.40799,-0.0419158,0.0312354,0.446295
5.41044,-0.0398202,0.0394043,0.444174
5.4129,-0.0397405,0.0414693,0.440047
5.41535,-0.0396608,0.0437263,0.435539
5.4178,-0.0395815,0.048119,0.426807
5.42025,-0.0396656,0.05243,0.418241
5.42271,-0.0442024,0.054514,0.414221
5.42516,-0.0487392,0.0565979,0.4102
5.42761,-0.0486288,0.0540573,0.403919
5.43007,-0.0484637,0.0514622,0.397611
5.43252,-0.0461166,0.0488865,0.395719
5.43497,-0.0436334,0.046312,0.394103
5.43742,-0.0411905,0.0479273,0.398724
5.43988,-0.0387523,0.0500379,0.404081
5.44233,-0.0421864,0.0461956,0.403503
5.44478,-0.0466793,0.04128,0.401854
5.44723,-0.049286,0.0419658,0.400216
5.44969,-0.0514217,0.0440502,0.398581
5.45214,-0.0535261,0.0478488,0.402197
5.45459,-0.0556202,0.0522092,0.407533
5.45704,-0.0560807,0.0483389,0.411201
5.4595,-0.0558613,0.0410431,0.414174
5.46195,-0.0587327,0.0368459,0.412546
5.4644,-0.063203,0.0342513,0.408537
5.46685,-0.0633912,0.0331188,0.40455
5.46931,-0.0608653,0.0329131,0.400575
5.47176,-0.0570684,0.0353286,0.396621
5.47421,-0.052293,0.0397621,0.392681
5.47666,-0.0499414,0.0441763,0.38996
5.47912,-0.0498452,0.0485728,0.388373
5.48157,-0.0475531,0.0496861,0.383514
5.48402,-0.042794,0.0471111,0.37498
5.48648,-0.0400081,0.0435615,0.368443
5.48893,-0.039904,0.0386874,0.364618
5.49138,-0.0397907,0.0347134,0.362554
5.49383,-0.0396622,0.0322278,0.363401
5.49629,-0.0402912,0.0282182,0.362714
5.49874,-0.0424596,0.021112,0.358912
5.50119,-0.0452857,0.0166531,0.356432
5.50364,-0.0497803,0.0189083,0.357303
5.5061,-0.0526197,0.0211533,0.358719
5.50855,-0.0500933,0.0233652,0.361901
5.511,-0.048004,0.0268874,0.365954
5.51345,-0.0477935,0.036042,0.373748
5.51591,-0.0475903,0.0435319,0.37989
5.51836,-0.0474309,0.0409365,0.376022
5.52081,-0.0463978,0.0385631,0.372377
5.52326,-0.037009,0.038312,0.370863
5.52572,-0.0285081,0.0381714,0.369018
5.52817,-0.0377557,0.0402401,0.360557
5.53062,-0.046996,0.0423073,0.352098
5.53307,-0.0445678,0.04204,0.346027
5.53553,-0.0421396,0.0417727,0.339957
5.53798,-0.037519,0.0459299,0.338359
5.54043,-0.0327918,0.0503023,0.336978
5.54289,-0.0386155,0.0525607,0.331402
5.54534,-0.0455262,0.0546013,0.325394
5.54779,-0.0424386,0.0446635,0.325412
5.55024,-0.0377176,0.0327688,0.326414
5.5527,-0.0348536,0.0341705,0.325522
5.55515,-0.032418,0.0386393,0.324194
5.5576,-0.0352694,0.0377701,0.31932
5.56005,-0.03974,0.035266,0.31336
5.56251,-0.0424993,0.0360936,0.317436
5.56496,-0.0445883,0.0382264,0.325443
5.56741,-0.0466821,0.040363,0.331849
5.56986,-0.0487783,0.0425014,0.33747
5.57232,-0.0494301,0.0373708,0.338718
5.57477,-0.0492134,0.0278693,0.337334
5.57722,-0.0503657,0.0264506,0.335959
5.57967,-0.0525197,0.0309456,0.334589
5.58213,-0.0522293,0.0329327,0.328303
5.58458,-0.0497753,0.0326999,0.317667
5.58703,-0.0462096,0.0335904,0.31156
5.58948,-0.041456,0.0356811,0.310291
5.59194,-0.0397781,0.0357399,0.31004
5.59439,-0.0420721,0.0331748,0.311105
5.59684,-0.0452431,0.0324238,0.311261
5.59929,-0.049789,0.0345175,0.309995
5.60175,-0.0511533,0.0350338,0.307938
5.6042,-0.0464069,0.0325206,0.304363
5.60665,-0.0395949,0.0300133,0.299426
5.60911,-0.0278555,0.0275201,0.291239
5.61156,-0.0190149,0.025032,0.287102
5.61401,-0.0189474,0.0225596,0.295221
5.61646,-0.0198142,0.0214873,0.30099
5.61892,-0.0243868,0.0259691,0.297442
5.62137,-0.0289573,0.0290133,0.294257
5.62382,-0.0335161,0.0241808,0.29306
5.62627,-0.0365718,0.0203457,0.292858
5.62873,-0.0271251,0.0248078,0.300947
5.63118,-0.0178216,0.0296841,0.309871
5.63363,-0.0107494,0.041016,0.331809
5.63608,-0.00392541,0.052346,0.353375
5.63854,-0.0155435,0.0635343,0.347296
5.64099,-0.0271617,0.0747226,0.341218
5.64344,-0.0297911,0.0747113,0.30157
5.64589,-0.0321068,0.074309,0.26075
5.64835,-0.0301401,0.078377,0.228774
5.6508,-0.0277971,0.0828378,0.197575
5.65325,-0.0132455,0.0975973,0.176717
5.6557,0.00309451,0.113865,0.157374
5.65816,0.00415009,0.128351,0.130504
5.66061,0.00196836,0.142459,0.102039
5.66306,-0.00540439,0.140438,0.0845837
5.66552,-0.0142567,0.133821,0.0702657
5.66797,-0.00751957,0.100342,0.0662032
5.67042,0.00494891,0.056987,0.065911
5.67287,0.00490196,0.0283131,0.0624379
5.67533,-0.000922521,0.00641649,0.0574962
5.67778,-0.016827,-0.0123137,0.064397
5.68023,-0.0384719,-0.0292407,0.0780418
5.68268,-0.054418,-0.0460537,0.103937
5.68514,-0.066406,-0.0627874,0.13834
5.68759,-0.0808325,-0.0694053,0.181406
5.69004,-0.0973103,-0.0675135,0.231759
5.69249,-0.111491,-0.0715296,0.286509
5.69495,-0.123339,-0.0815463,0.345726
5.6974,-0.133158,-0.0958688,0.399515
5.69985,-0.140489,-0.115473,0.446645
5.7023,-0.137714,-0.135211,0.489892
5.70476,-0.11991,-0.155148,0.527362
5.70721,-0.103192,-0.161226,0.558139
5.70966,-0.0884483,-0.14213,0.576756
5.71211,-0.0789716,-0.112524,0.591044
5.71457,-0.0813276,-0.059309,0.595609
5.71702,-0.0802261,-0.0141905,0.592298
5.71947,-0.0693354,0.00800444,0.566689
5.72193,-0.0580524,0.0261353,0.534179
5.72438,-0.0453284,0.0293393,0.476321
5.72683,-0.0338089,0.0329096,0.417382
5.72928,-0.0282988,0.0383073,0.353052
5.73174,-0.0216662,0.045387,0.290455
5.73419,-0.00680016,0.064805,0.240578
5.73664,0.00824587,0.0838853,0.192591
5.73909,0.0255795,0.0986756,0.168638
5.74155,0.0425605,0.113168,0.145111
5.744,0.0463006,0.116484,0.13758
5.74645,0.0500407,0.119799,0.130049
5.7489,0.0429286,0.116639,0.124834
5.75136,0.0355828,0.11334,0.119669
5.75381,0.0308699,0.108203,0.131825
5.75626,0.0263494,0.102931,0.145246
5.75871,0.022147,0.0979614,0.170877
5.76117,0.0179859,0.0930318,0.198095
5.76362,0.00808504,0.092168,0.223179
5.76607,-0.00292645,0.092091,0.247849
5.76852,-0.0139629,0.0847748,0.270527
5.77098,-0.0250059,0.0755441,0.292677
5.77343,-0.0327135,0.0698395,0.300893
5.77588,-0.0392725,0.0653491,0.30431
5.77834,-0.0395344,0.0592513,0.30125
5.78079,-0.0370565,0.052454,0.295371
5.78324,-0.0361476,0.0456775,0.275959
5.78569,-0.0360844,0.0389123,0.249254
5.78815,-0.0332547,0.0321363,0.215693
5.7906,-0.0286021,0.0253533,0.177613
5.79305,-0.0251915,0.0198629,0.144864
5.7955,-0.0227738,0.0154057,0.116376
5.79796,-0.0202406,0.0121849,0.0962649
5.80041,-0.0175957,0.010158,0.0842437
5.80286,-0.0148694,0.00706858,0.0765495
5.80531,-0.0120481,0.00274068,0.0738996
5.80777,-0.0101062,-0.000579788,0.07799
5.81022,-0.00940551,-0.00247852,0.0915929
5.81267,-0.0129172,-0.00435353,0.107711
5.81512,-0.0236726,-0.00618777,0.128155
5.81758,-0.0314076,-0.0102409,0.149287
5.82003,-0.0327448,-0.0189941,0.171879
5.82248,-0.0334643,-0.0277201,0.195055
5.82493,-0.0325444,-0.0363738,0.219781
5.82739,-0.0321801,-0.0418566,0.242359
5.82984,-0.0337115,-0.0365206,0.257605
5.83229,-0.0365217,-0.0320346,0.271996
5.83474,-0.0451724,-0.0314301,0.282481
5.8372,-0.0529135,-0.0308265,0.291726
5.83965,-0.0547065,-0.0302278,0.292851
5.8421,-0.0571068,-0.0304324,0.293381
5.84456,-0.0659928,-0.0392176,0.287543
5.84701,-0.0742523,-0.047197,0.281617
5.84946,-0.0669003,-0.035104,0.27351
5.85191,-0.0595482,-0.023011,0.265402
5.85437,-0.0569554,-0.0157402,0.259665
5.85682,-0.054403,-0.0085105,0.253947
5.85927,-0.0496797,-0.00579096,0.246082
5.86172,-0.0448291,-0.00333616,0.238092
5.86418,-0.0442009,-0.00512981,0.221833
5.86663,-0.0440548,-0.00740845,0.204631
5.86908,-0.0419155,-0.011665,0.195442
5.87153,-0.039426,-0.0162692,0.18766
5.87399,-0.0406216,-0.00593268,0.183657
5.87644,-0.0427183,0.00805751,0.180577
5.87889,-0.0430467,0.0184692,0.179272
5.88134,-0.042806,0.0277291,0.178538
5.8838,-0.0458584,0.0221392,0.179454
5.88625,-0.0502593,0.0104684,0.181046
5.8887,-0.0453826,0.00195251,0.181091
5.89115,-0.0357786,-0.00495588,0.180349
5.89361,-0.0347592,-0.00321708,0.181037
5.89606,-0.0391039,0.00392494,0.18262
5.89851,-0.0355306,0.00972868,0.184195
5.90097,-0.0259456,0.0145163,0.185765
5.90342,-0.0212273,0.0193091,0.188538
5.90587,-0.0209762,0.0241066,0.192415
5.90832,-0.0196139,0.0200693,0.192974
5.91078,-0.0170205,0.00624334,0.189858
5.91323,-0.014447,0.000397428,0.185762
5.91568,-0.0119003,0.00524364,0.180354
5.91813,-0.00584159,0.0100941,0.175845
5.92059,0.00593842,0.0149514,0.172802
5.92304,0.0107346,0.0190216,0.169767
5.92549,0.00156366,0.0215179,0.166749
5.92794,-0.00493587,0.024022,0.162411
5.9304,-0.00477684,0.0265455,0.154779
5.93285,-0.00460617,0.0307356,0.146608
5.9353,-0.00439848,0.040223,0.13672
5.93775,-0.00418648,0.0470088,0.128185
5.94021,-0.00395635,0.0424465,0.125337
5.94266,-0.00439323,0.0375566,0.123502
5.94511,-0.00875444,0.0307384,0.127635
5.94756,-0.0124209,0.0243793,0.131992
5.95002,-0.00971199,0.0222325,0.138408
5.95247,-0.0079526,0.0194886,0.144939
5.95492,-0.0237742,0.00568652,0.153618
5.95738,-0.0395662,-0.00804659,0.162375
5.95983,-0.048396,-0.00554446,0.189543
5.96228,-0.0572258,-0.00304232,0.21671
5.96473,-0.0615919,-0.00285203,0.228119
5.96719,-0.0657585,-0.00276509,0.238823
5.96964,-0.0700062,-0.00490192,0.260006
5.97209,-0.0742619,-0.00725817,0.282222
5.97454,-0.0766777,-0.00772265,0.298277
5.977,-0.0788019,-0.00788726,0.313356
5.97945,-0.0829473,-0.01196,0.322656
5.9819,-0.0875481,-0.016913,0.330654
5.98435,-0.0833516,-0.0201836,0.326116
5.98681,-0.0765146,-0.0229493,0.317815
5.98926,-0.0782025,-0.0224562,0.309566
5.99171,-0.0831707,-0.020709,0.301337
5.99416,-0.077216,-0.0174394,0.285327
5.99662,-0.0660047,-0.0134372,0.265572
5.99907,-0.056356,-0.0109594,0.250292
6.00152,-0.0476325,-0.00938433,0.237662
6.00397,-0.0403282,-0.00378714,0.226443
6.00643,-0.034047,0.00470974,0.21624
6.00888,-0.0277806,0.0119294,0.203605
6.01133,-0.0215272,0.0180348,0.188847
6.01379,-0.0141572,0.0196203,0.173019
6.01624,-0.0056114,0.0164457,0.156064
6.01869,-0.000137297,0.0153567,0.142234
6.02114,0.00142777,0.0169219,0.132378
6.0236,0.00577191,0.0194041,0.1262
6.02605,0.0144082,0.0233025,0.125702
6.0285,0.0198694,0.0256101,0.125204
6.03095,0.0193293,0.0249105,0.124704
6.03341,0.020886,0.0255998,0.125593
6.03586,0.0273593,0.0295454,0.129736
6.03831,0.0308966,0.0311507,0.133286
6.04076,0.025717,0.0258077,0.135075
6.04322,0.0195954,0.020479,0.136385
6.04567,0.0098194,0.0152055,0.135839
6.04812,0.000426664,0.00958462,0.134195
6.05057,-0.00692279,0.00211191,0.126695
6.05303,-0.0129818,-0.00483656,0.119716
6.05548,-0.00869641,-0.00758264,0.116919
6.05793,-0.00485802,-0.00973768,0.115457
6.06038,-0.00756791,-0.00323376,0.13356
6.06284,-0.0101995,0.00338628,0.151504
6.06529,-0.00827244,0.0167701,0.160178
6.06774,-0.00634535,0.0301539,0.168853
6.07019,-0.0111833,0.023157,0.166208
6.07265,-0.0162315,0.0155268,0.163211
6.0751,-0.0126779,0.00579138,0.153815
6.07755,-0.00840526,-0.00412003,0.143885
6.08001,-0.00617388,0.000239139,0.134026
6.08246,-0.00423189,0.00662149,0.124177
6.08491,-0.0195449,0.00913445,0.118239
6.08736,-0.0384218,0.0108482,0.113109
6.08982,-0.0408343,0.0144034,0.106199
6.09227,-0.0386514,0.0184725,0.098792
6.09472,-0.0313867,0.020887,0.0999536
6.09717,-0.0222876,0.0227042,0.104208
6.09963,-0.0243915,0.0277355,0.103651
6.10208,-0.0315815,0.0342261,0.100911
6.10453,-0.0416896,0.0317964,0.0966979
6.10698,-0.0534339,0.0243654,0.0916598
6.10944,-0.0568415,0.0170311,0.0894011
6.11189,-0.0545445,0.00976289,0.0890442
6.11434,-0.0458758,0.00762803,0.0924924
6.11679,-0.0319244,0.00974926,0.0990954
6.11925,-0.0261453,0.0118612,0.105671
6.1217,-0.0285483,0.0139638,0.112219
6.12415,-0.0256804,0.0149975,0.118742
6.1266,-0.0164397,0.0147388,0.125234
6.12906,-0.0138073,0.0125887,0.129822
6.13151,-0.0208567,0.00766766,0.131619
6.13396,-0.0278939,0.00608918,0.133412
6.13642,-0.0349095,0.010488,0.135196
6.13887,-0.0390308,0.0105383,0.133361
6.14132,-0.036759,0.000982981,0.123534
6.14377,-0.0344789,-0.00425461,0.115568
6.14623,-0.0321761,0.00250684,0.11278
6.14868,-0.029883,0.0077526,0.109996
6.15113,-0.0276244,0.00754857,0.107231
6.15358,-0.0249776,0.00616198,0.105263
6.15604,-0.0204432,-0.0009745,0.107162
6.15849,-0.0164744,-0.00781092,0.107626
6.16094,-0.0165173,-0.0125191,0.0979069
6.16339,-0.0169153,-0.0168633,0.0892598
6.16585,-0.0215971,-0.0168168,0.0935408
6.1683,-0.0258645,-0.0164941,0.0976836
6.17075,-0.0165139,-0.00709405,0.0972872
6.1732,-0.00716338,0.00230598,0.0968907
6.17566,-0.00926075,0.00483986,0.0851015
6.17811,-0.0115618,0.00725157,0.0731097
6.18056,-0.0138449,0.0140315,0.0742321
6.18301,-0.0161268,0.0211126,0.0762587
6.18547,-0.0080869,0.0220233,0.0659046
6.18792,0.00124853,0.0221596,0.0539966
6.19037,0.00470496,0.0262846,0.0538827
6.19283,0.00705379,0.0311611,0.0559908
6.19528,0.00572079,0.0249855,0.052556
6.19773,0.00343519,0.0159504,0.047687
6.20018,0.00644019,0.0157157,0.039378
6.20264,0.0112329,0.0184546,0.0299066
6.20509,0.00628402,0.0309782,0.0188649
6.20754,-0.00283159,0.0476869,0.00715161
6.20999,-0.00575284,0.0522613,0.00156245
6.21245,-0.00538829,0.0503991,-0.000778152
6.2149,-0.00352757,0.0457954,0.00533015
6.21735,-0.000695673,0.0394121,0.0169228
6.2198,-0.00302526,0.0343561,0.0271623
6.22226,-0.0094207,0.0303458,0.0363361
6.22471,-0.0133476,0.0216246,0.0466572
6.22716,-0.0149249,0.00841982,0.0580705
6.22961,-0.0175639,-0.006881,0.073757
6.23207,-0.0214228,-0.0245901,0.0943533
6.23452,-0.0252892,-0.035508,0.112937
6.23697,-0.0291661,-0.0369825,0.128723
6.23942,-0.0356427,-0.0384611,0.144462
6.24188,-0.0465211,-0.0399466,0.160119
6.24433,-0.0551215,-0.0437175,0.17423
6.24678,-0.0589753,-0.0522507,0.185118
6.24923,-0.0609253,-0.0608058,0.193409
6.25169,-0.057913,-0.0694181,0.194931
6.25414,-0.0565435,-0.0753725,0.196985
6.25659,-0.0606661,-0.0724413,0.200818
6.25905,-0.0631142,-0.0682758,0.205071
6.2615,-0.0580983,-0.0586077,0.211197
6.26395,-0.0543727,-0.0486624,0.217948
6.2664,-0.0588285,-0.0369583,0.228666
6.26886,-0.0618414,-0.0261017,0.237513
6.27131,-0.0501219,-0.0238976,0.227266
6.27376,-0.0386044,-0.0217008,0.216632
6.27621,-0.0316726,-0.0196674,0.197193
6.27867,-0.0247408,-0.0176339,0.177754
6.28112,-0.0248418,-0.00871598,0.160786
6.28357,-0.0249768,0.000235389,0.143829
6.28602,-0.0207597,0.0112908,0.138005
6.28848,-0.0163047,0.0224613,0.13279
6.29093,-0.0118382,0.0315237,0.115071
6.29338,-0.00737047,0.0403549,0.0959808
6.29583,-0.00689718,0.0432649,0.079008
6.29829,-0.00710612,0.0451637,0.0623969
6.30074,-0.0128289,0.0434482,0.032789
6.30319,-0.0198694,0.040869,7.50484e-05
6.30564,-0.0809517,0.065672,-0.54377
6.3081,-0.159091,0.0991178,-1.24895
6.31055,-0.191542,0.178096,-2.26592
6.313,-0.205609,0.275394,-3.40836
6.31546,-0.0471548,0.378704,-3.36409
6.31791,0.197798,0.485027,-2.72484
6.32036,0.263906,0.497621,-1.96399
6.32281,0.219952,0.452533,-1.12831
6.32527,0.140306,0.295716,-0.48772
6.32772,0.0339565,0.0553059,0.00691348
6.33017,0.0328112,-0.176442,0.589518
6.33262,0.126849,-0.400353,1.25171
6.33508,0.173769,-0.53604,1.93347
6.33753,0.169234,-0.575378,2.6366
6.33998,0.0895461,-0.559022,3.19928
