"Time (s)","Linear Acceleration x (m/s^2)","Linear Acceleration y (m/s^2)","Linear Acceleration z (m/s^2)","Absolute acceleration (m/s^2)"
7.155777100E-2,-5.638337135E-2,-1.969606876E-1,1.298961639E-1,2.425811420E-1
7.646297900E-2,-6.058156490E-2,-1.608961523E-1,5.776405334E-2,1.813680889E-1
8.136818700E-2,-7.427287102E-2,-1.119061112E-1,9.638786316E-3,1.346563898E-1
8.627339600E-2,-7.929313183E-2,-5.857992172E-2,-3.037548065E-2,1.031585082E-1
9.117860400E-2,-7.212221622E-2,1.306253672E-2,-7.228374481E-2,1.029426234E-1
9.608381200E-2,-5.772221088E-2,1.529455185E-4,-1.699953079E-1,1.795279414E-1
1.009890210E-1,-4.056417942E-2,-1.100075245E-2,-2.355442047E-1,2.392645849E-1
1.058986040E-1,-1.570105553E-2,2.094626427E-3,-2.757101059E-1,2.761647572E-1
1.108168330E-1,1.672029495E-2,1.556384563E-2,-2.332715988E-1,2.343873725E-1
1.157474580E-1,-2.368211746E-3,6.645083427E-3,-1.756973267E-1,1.758388926E-1
1.206935520E-1,-1.155591011E-2,-2.378040552E-2,-9.880924225E-2,1.022854491E-1
1.256575100E-1,-1.140594482E-2,-4.315161705E-2,-7.641792297E-3,4.528305004E-2
1.306408440E-1,-2.067875862E-2,-6.144392490E-2,7.474899292E-2,9.894634358E-2
1.356442810E-1,-1.585042477E-2,-6.993991137E-2,1.353950500E-1,1.532143817E-1
1.406677190E-1,-2.032041550E-3,-7.870227098E-2,1.800384521E-1,1.964994171E-1
1.457102190E-1,-2.264976501E-3,-7.849550247E-2,2.140760422E-1,2.280246168E-1
1.507701140E-1,-6.844997406E-3,-8.836889267E-2,2.288026810E-1,2.453702957E-1
1.558451660E-1,-2.039325237E-2,-9.882020950E-2,2.387695312E-1,2.592145976E-1
1.609325620E-1,-2.414953709E-2,-1.006584764E-1,2.302999496E-1,2.524943481E-1
1.660291250E-1,-2.769947052E-2,-9.411847591E-2,2.039813995E-1,2.263491982E-1
1.711291250E-1,-1.732242107E-2,-6.989324093E-2,1.556625366E-1,1.715108064E-1
1.762291250E-1,-1.657307148E-2,-6.064528227E-2,8.591747284E-2,1.064628062E-1
1.813119370E-1,2.794981003E-3,-4.719978571E-2,1.381969452E-2,4.926069068E-2
1.863324580E-1,7.740020752E-3,-3.853160143E-2,-2.822875977E-2,4.838858448E-2
1.913529790E-1,-1.068842411E-2,-2.045005560E-2,-6.444168091E-2,6.844835588E-2
1.963735000E-1,-7.878541946E-4,2.359271049E-3,-9.972190857E-2,9.975292438E-2
2.013940210E-1,-9.986281395E-3,-2.739846706E-3,-1.155414581E-1,1.160045737E-1
2.064145410E-1,-1.909792423E-2,1.153236628E-2,-1.031198502E-1,1.055055907E-1
2.114350620E-1,-2.818250656E-2,2.143633366E-2,-1.004858017E-1,1.065418529E-1
2.164555310E-1,-1.839697361E-2,3.449380398E-3,-7.001590729E-2,7.247464478E-2
2.214760000E-1,-4.404306412E-3,-1.850771904E-2,-3.572273254E-2,4.047279579E-2
2.264964690E-1,-9.489893913E-3,-2.124887705E-2,1.639366150E-2,2.846620803E-2
2.315169370E-1,-5.007266998E-3,-2.875775099E-2,5.795001984E-2,6.488671485E-2
2.365374060E-1,4.143595695E-3,-4.099315405E-2,9.391880035E-2,1.025590031E-1
2.415578750E-1,-8.487701416E-4,-5.820900202E-2,1.385231018E-1,1.502586372E-1
2.465783440E-1,3.630399704E-3,-6.148779392E-2,1.541423798E-1,1.659933789E-1
2.515988120E-1,8.231043816E-3,-5.120241642E-2,1.601829529E-1,1.683686904E-1
2.566192810E-1,-5.861997604E-3,-5.100148916E-2,1.427803040E-1,1.517291340E-1
2.616397500E-1,-1.018798351E-2,-3.712332249E-2,1.211481094E-1,1.271172707E-1
2.666602190E-1,-1.433110237E-2,-2.849537134E-2,8.596324921E-2,9.168994982E-2
2.716806870E-1,-1.844251156E-2,-1.999002695E-2,3.743171692E-2,4.626943745E-2
2.767011560E-1,-1.783406734E-2,-2.089017630E-2,-5.453109741E-3,2.800338961E-2
2.817216250E-1,-2.205383778E-2,-2.619451284E-2,-4.284667969E-2,5.484853894E-2
2.867420940E-1,-2.170491219E-2,-1.700299978E-2,-4.670429230E-2,5.423556152E-2
2.917625620E-1,-1.676654816E-2,-1.696842909E-2,-6.933975220E-2,7.332834348E-2
2.967830310E-1,-1.197743416E-2,-2.589005232E-2,-7.751560211E-2,8.259795584E-2
3.018035000E-1,-2.628803253E-3,-1.544737816E-2,-4.327392578E-2,4.602352389E-2
3.068239690E-1,-2.952814102E-3,-2.281069756E-4,-3.319358826E-2,3.332544741E-2
3.118444370E-1,1.484632492E-3,-1.811021566E-2,-4.474639893E-3,1.871380365E-2
3.168649060E-1,1.142978668E-3,-3.584194183E-2,3.317928314E-2,4.885505117E-2
3.218853750E-1,1.022732258E-2,-2.508223057E-2,5.609226227E-2,6.229011401E-2
3.269058440E-1,9.839177132E-3,-2.885651588E-2,6.924915314E-2,7.566342000E-2
3.319263120E-1,1.964569092E-4,-2.821260691E-2,8.695983887E-2,9.142211636E-2
3.369467810E-1,-4.532694817E-3,-2.789831161E-2,9.500980377E-2,9.912478966E-2
3.419672500E-1,2.950429916E-4,-3.260475397E-2,8.412742615E-2,9.022516756E-2
3.469877710E-1,-4.389643669E-3,-2.342635393E-2,5.930519104E-2,6.391532457E-2
3.520082910E-1,-1.833069324E-2,-1.448917389E-2,5.375385284E-2,5.861251718E-2
3.570288120E-1,-1.797401905E-2,-2.461898327E-2,2.470970154E-2,3.923938134E-2
3.620493330E-1,-2.233600616E-2,-1.099842787E-2,5.534172058E-3,2.550469853E-2
3.670698540E-1,-7.820367813E-3,-2.108162642E-2,-2.281093597E-2,3.203017210E-2
3.720903750E-1,-1.244497299E-2,-1.660925150E-2,-3.661632538E-2,4.208918950E-2
3.771108960E-1,-1.233732700E-2,-7.124066353E-3,-3.609752655E-2,3.880713056E-2
3.821314160E-1,-1.705491543E-2,-1.177847385E-2,-2.144718170E-2,2.982589797E-2
3.871519370E-1,1.900196075E-3,-1.606976986E-2,-2.118682861E-2,2.665951903E-2
3.921724580E-1,-1.250934601E-2,-2.018666267E-2,-1.149845123E-2,2.638559206E-2
3.971929790E-1,-2.201294899E-2,-2.411574125E-2,2.167320251E-2,3.919013405E-2
4.022135000E-1,-1.721918583E-2,-2.789491415E-2,3.550529480E-2,4.832445090E-2
4.072340210E-1,-1.243662834E-2,-1.759928465E-2,3.972530365E-2,4.519407367E-2
4.122545410E-1,-2.939224243E-3,-2.172207832E-2,4.863643646E-2,5.334782730E-2
4.172750620E-1,1.594436169E-2,-2.122223377E-2,5.745697021E-2,6.329225310E-2
4.222955830E-1,1.446127892E-3,-2.098274231E-2,6.145572662E-2,6.495516219E-2
4.273161040E-1,-3.314614296E-3,-2.574092150E-2,5.125236511E-2,5.744899161E-2
4.323366250E-1,-3.290534019E-3,-3.060454130E-2,6.011009216E-2,6.753287157E-2
4.373571460E-1,-7.995128632E-3,-4.029315710E-2,4.049396515E-2,5.768207524E-2
4.423776660E-1,-1.732492447E-2,-2.616399527E-2,1.165771484E-2,3.347551301E-2
4.473981870E-1,-2.181816101E-2,-2.650928497E-2,6.828308105E-3,3.500571569E-2
4.524187080E-1,-1.689946651E-2,-1.255339384E-2,6.771087646E-3,2.211396150E-2
4.574392290E-1,-2.145218849E-2,-3.384649754E-3,-2.750396729E-3,2.189102390E-2
4.624597500E-1,-2.132761478E-2,-3.640115261E-3,-1.218414307E-2,2.483084642E-2
4.674802710E-1,-1.651811600E-2,-3.676354885E-3,-2.626514435E-2,3.124454431E-2
4.725007910E-1,-6.929159164E-3,-8.299469948E-3,-1.651382446E-2,1.973830911E-2
4.775213120E-1,-1.170217991E-2,-2.218455076E-2,-2.150535583E-3,2.517379809E-2
4.825418330E-1,-7.009148598E-3,-2.167236805E-2,2.574920654E-3,2.292269437E-2
4.875623540E-1,-7.047295570E-3,-1.163166761E-2,1.198959351E-2,1.813037283E-2
4.925828750E-1,-7.088780403E-3,-6.442308426E-3,1.656818390E-2,1.913789077E-2
4.976033960E-1,2.245664597E-3,-2.509534359E-2,3.057098389E-2,3.961570819E-2
5.026239160E-1,-2.681255341E-3,-4.371106625E-2,3.970718384E-2,5.911435436E-2
5.076444370E-1,6.759524345E-3,-2.907490730E-2,3.455352783E-2,4.566166543E-2
5.126649580E-1,-7.541775703E-3,-2.896404266E-2,3.894901276E-2,4.912046155E-2
5.176854790E-1,-1.221358776E-2,-2.420872450E-2,3.382968903E-2,4.335529872E-2
5.227060000E-1,-7.361650467E-3,-1.961195469E-2,4.299259186E-2,4.782452947E-2
5.277265210E-1,-1.678431034E-2,-1.517134905E-2,3.311061859E-2,4.010231875E-2
5.327470410E-1,-2.606475353E-2,-2.020716667E-2,2.333164215E-2,4.039884265E-2
5.377675620E-1,-6.851911545E-3,-1.570075750E-2,1.838588715E-2,2.512972989E-2
5.427880830E-1,-1.159632206E-2,-2.058672905E-2,1.347541809E-2,2.720064321E-2
5.478086040E-1,-2.116799355E-3,-1.598823071E-2,-8.754730225E-4,1.615149571E-2
5.528291250E-1,-1.644027233E-2,-1.132589579E-2,-1.035404205E-2,2.248921200E-2
5.578496460E-1,-6.918668747E-3,2.973616123E-3,-1.026821136E-2,1.273367719E-2
5.628701660E-1,2.511262894E-3,-6.430625916E-3,-1.493740082E-2,1.645555633E-2
5.678906870E-1,-2.321481705E-3,-1.099324226E-2,4.163742065E-3,1.198237876E-2
5.729112080E-1,2.325177193E-3,-1.234948635E-3,1.833820343E-2,1.852623146E-2
5.779317290E-1,-7.357358932E-3,-1.523947716E-2,2.763271332E-2,3.240276593E-2
5.829522500E-1,-7.454156876E-3,-1.491755247E-2,1.786613464E-2,2.443965208E-2
5.879727710E-1,-7.501959801E-3,-1.945447922E-2,3.192901611E-2,3.813421341E-2
5.929932910E-1,-2.812147141E-3,-1.927536726E-2,3.163433075E-2,3.715075822E-2
5.980138120E-1,1.842498779E-3,-2.393764257E-2,3.135108948E-2,3.948792658E-2
6.030343330E-1,1.758694649E-3,-2.861875296E-2,2.633380890E-2,3.893065012E-2
6.080548540E-1,-1.251828671E-2,-1.917982101E-2,2.612304688E-2,3.474171289E-2
6.130753750E-1,-1.237428188E-2,-5.114614964E-3,2.592468262E-2,2.917826772E-2
6.180958960E-1,-1.228678226E-2,-1.016634703E-2,1.147937775E-2,1.964931917E-2
6.231164160E-1,-2.701044083E-3,-1.047396660E-2,-2.841949463E-3,1.118375126E-2
6.281369370E-1,-1.688611507E-2,-1.537299156E-2,6.695747375E-3,2.379711715E-2
6.331574580E-1,-1.681339741E-2,-1.191318035E-3,6.642341614E-3,1.811712651E-2
6.381779790E-1,-1.678991318E-2,-1.556158066E-2,1.832962036E-3,2.296570763E-2
6.431985000E-1,-7.275462151E-3,-1.552647352E-2,6.557464600E-3,1.835767065E-2
6.482190210E-1,-7.331490517E-3,-1.542872190E-2,6.491661072E-3,1.827396717E-2
6.532395410E-1,-2.692937851E-3,-1.523441076E-2,6.414413452E-3,1.674765313E-2
6.582600620E-1,-7.535696030E-3,-1.978456974E-2,1.595497131E-3,2.123114518E-2
6.632805830E-1,-2.838253975E-3,-1.959413290E-2,1.106452942E-2,2.268059834E-2
6.683011040E-1,-2.931237221E-3,-1.461094618E-2,2.994918823E-2,3.345184263E-2
6.733216250E-1,-7.823586464E-3,-1.921784878E-2,2.493095398E-2,3.243588573E-2
6.783421460E-1,-7.823586464E-3,-2.383780479E-2,2.946567535E-2,3.869981223E-2
6.833626660E-1,-1.262354851E-2,-2.372235060E-2,2.446269989E-2,3.633906411E-2
6.883831870E-1,-7.777810097E-3,-1.415091753E-2,1.951599121E-2,2.533015416E-2
6.934037080E-1,1.716136932E-3,-3.327047825E-2,2.410793304E-2,4.112252770E-2
6.984242290E-1,-7.808923721E-3,-2.848255634E-2,1.442146301E-2,3.286660769E-2
7.034447500E-1,1.693844795E-3,-1.417458057E-2,4.807472229E-3,1.506318804E-2
7.084652710E-1,-7.776618004E-3,-1.903706789E-2,4.784584045E-3,2.111345509E-2
7.134857910E-1,-1.252543926E-2,-1.906472445E-2,-9.536743164E-7,2.281118909E-2
7.185063120E-1,-1.723182201E-2,-1.908642054E-2,9.498596191E-3,2.741259689E-2
7.235268330E-1,-1.720201969E-2,-1.425635815E-2,-8.583068848E-5,2.234190225E-2
7.285473540E-1,-1.237809658E-2,-1.897495985E-2,4.660606384E-3,2.312979957E-2
7.335678750E-1,-7.643103600E-3,-1.415157318E-2,9.362220764E-3,1.861008420E-2
7.385883960E-1,-1.244175434E-2,-1.875650883E-2,-2.269744873E-4,2.250900691E-2
7.436089160E-1,-1.725769043E-2,-1.858597994E-2,4.503250122E-3,2.575938258E-2
7.486294370E-1,1.660346985E-3,-1.366269588E-2,1.393699646E-2,1.958739087E-2
7.536499580E-1,1.529693604E-3,-1.827740669E-2,1.380634308E-2,2.295688714E-2
7.586704790E-1,1.402974129E-3,-1.340252161E-2,2.792549133E-2,3.100691839E-2
7.636910000E-1,1.274466515E-3,-8.625566959E-3,3.243255615E-2,3.358415354E-2
7.687115210E-1,-8.350014687E-3,-1.338541508E-2,1.790809631E-2,2.386612653E-2
7.737320410E-1,-8.348464966E-3,-8.665800095E-3,1.775932312E-2,2.145195833E-2
7.787525620E-1,-8.398532867E-3,-1.353406906E-2,2.710533142E-2,3.143891492E-2
7.837730830E-1,-1.794230938E-2,-3.260159492E-2,1.737976074E-2,4.107123739E-2
7.887936040E-1,-2.735507488E-2,-1.827073097E-2,1.723766327E-2,3.713834632E-2
7.938141250E-1,-1.289820671E-2,-1.356196404E-2,2.857208252E-3,1.893288789E-2
7.988346460E-1,-1.280164719E-2,-1.373267174E-2,-6.649017334E-3,1.991677372E-2
8.038551660E-1,-8.063316345E-3,3.893971443E-4,-1.134204865E-2,1.392159359E-2
8.088756870E-1,-1.755821705E-2,-1.874262094E-2,-1.750946045E-3,2.574184605E-2
8.138962080E-1,-7.979989052E-3,-1.866966486E-2,3.008842468E-3,2.052534395E-2
8.189167290E-1,-2.222132683E-2,-1.389461756E-2,-6.513595581E-3,2.700508638E-2
8.239372500E-1,-1.260423660E-2,-1.375889778E-2,7.777214050E-3,2.021531862E-2
8.289577710E-1,-3.118991852E-3,-1.367592812E-2,7.700920105E-3,1.600197770E-2
8.339782910E-1,-7.958292961E-3,-1.834213734E-2,1.237392426E-2,2.351345212E-2
8.389988120E-1,-1.750862598E-2,-8.729636669E-3,2.650451660E-2,3.294310156E-2
8.440193330E-1,-1.273393631E-2,-3.997266293E-3,3.102397919E-2,3.377304482E-2
8.490398540E-1,-7.941722870E-3,-3.938317299E-3,2.600860596E-2,2.747778901E-2
8.540603750E-1,-7.992506027E-3,-1.343417168E-2,6.786346436E-3,1.704146764E-2
8.590808960E-1,-1.273679733E-2,-2.779990435E-2,1.148414612E-2,3.266414395E-2
8.641014160E-1,-1.744437218E-2,-2.300608158E-2,-2.854347229E-3,2.901263877E-2
8.691219370E-1,-3.170490265E-3,-1.345211267E-2,1.912117004E-3,1.395233082E-2
8.741424580E-1,6.233334541E-3,-8.835077286E-3,1.895904541E-3,1.097759100E-2
8.791629790E-1,-3.383755684E-3,-8.901894093E-3,1.137733459E-2,1.483702340E-2
8.841835000E-1,-3.417968750E-3,-1.375681162E-2,6.536483765E-3,1.560954824E-2
8.892040210E-1,-3.509283066E-3,-9.137272835E-3,-7.763862610E-3,1.249329361E-2
8.942245410E-1,-3.548145294E-3,-4.504680634E-3,1.800537109E-3,6.010275911E-3
8.992450620E-1,-8.332252502E-3,-4.601895809E-3,-7.711410522E-3,1.225029506E-2
9.042655830E-1,-8.379578590E-3,-1.409220695E-2,1.608371735E-2,2.296722878E-2
9.092861040E-1,-1.787471771E-2,-1.401215792E-2,1.119518280E-2,2.532149721E-2
9.143066250E-1,-1.309406757E-2,-1.867556572E-2,6.341934204E-3,2.367385668E-2
9.193271460E-1,-1.310467720E-2,-1.860880852E-2,1.102924347E-2,2.529159011E-2
9.243476660E-1,-1.786375046E-2,-1.369100809E-2,1.092338562E-2,2.501754657E-2
9.293681870E-1,-8.386373520E-3,-1.830548048E-2,2.030944824E-2,2.859887348E-2
9.343887080E-1,-8.433461189E-3,-2.773314714E-2,1.538276672E-2,3.281585334E-2
9.394092290E-1,-8.431315422E-3,-1.799082756E-2,5.748748779E-3,2.068344915E-2
9.444297500E-1,-8.477926254E-3,-2.736955881E-2,5.689620972E-3,2.921197990E-2
9.494502710E-1,-1.327550411E-2,-1.778501272E-2,5.636215210E-3,2.289787346E-2
9.544707910E-1,-1.323294640E-2,-1.772570610E-2,5.586624146E-3,2.281494897E-2
9.594913120E-1,-3.745436668E-3,-1.777005196E-2,1.028537750E-2,2.087084169E-2
9.645118330E-1,5.660295486E-3,-1.781976223E-2,1.969337463E-2,2.715532867E-2
9.695323540E-1,-8.800983429E-3,-8.360624313E-3,1.477241516E-2,1.912018823E-2
9.745528750E-1,-4.093170166E-3,-1.316851377E-2,-4.350662231E-3,1.446001587E-2
9.795733960E-1,-8.875727654E-3,-1.789617538E-2,9.928703308E-3,2.230763959E-2
9.845939160E-1,-1.361846924E-2,5.803406239E-3,-4.396438599E-3,1.544250306E-2
9.896144370E-1,-8.867740631E-3,-2.280771732E-2,9.877204895E-3,2.638916387E-2
9.946349580E-1,5.863904953E-4,-1.795238256E-2,2.889633179E-4,1.796428104E-2
9.996554790E-1,-1.367783546E-2,-8.337497711E-3,5.035400391E-3,1.679143556E-2
1.004676000E0,-1.837778091E-2,-1.779669523E-2,-4.508972168E-3,2.597683627E-2
1.009696521E0,7.040500641E-4,-3.382980824E-3,-9.228706360E-3,9.854403423E-3
1.014717041E0,6.356239319E-4,-1.292926073E-2,3.423690796E-4,1.294940220E-2
1.019737562E0,5.677938461E-4,-8.098959923E-3,1.457977295E-2,1.668787946E-2
1.024758083E0,-4.305362701E-3,-8.068859577E-3,1.919555664E-2,2.126292637E-2
1.029778604E0,-1.383185387E-2,-1.288491488E-2,2.378368378E-2,3.038099450E-2
1.034799125E0,-1.853048801E-2,-3.363788128E-3,1.408576965E-2,2.351814115E-2
1.039819646E0,-1.849019527E-2,-8.213341236E-3,1.871109009E-2,2.755814195E-2
1.044840166E0,6.443262100E-4,-2.252519131E-2,1.381206512E-2,2.643052294E-2
1.049860687E0,-4.226565361E-3,-1.292371750E-2,1.368808746E-2,1.929378312E-2
1.054881208E0,-1.375651360E-2,-1.775670052E-2,4.079818726E-3,2.282952037E-2
1.059901729E0,-4.267454147E-3,-1.305806637E-2,8.791923523E-3,1.631018643E-2
1.064922250E0,-4.302978516E-3,-3.208947182E-2,1.346683502E-2,3.506573072E-2
1.069942771E0,-1.382660866E-2,-2.715110779E-2,3.854751587E-3,3.071183601E-2
1.074963291E0,-9.076952934E-3,-2.230542898E-2,8.565902710E-3,2.555969338E-2
1.079983812E0,-1.392114162E-2,-8.014619350E-3,8.482933044E-3,1.816569461E-2
1.085004333E0,-1.392209530E-2,-8.082628250E-3,-1.090049744E-3,1.613511157E-2
1.090024854E0,-9.114503860E-3,-1.282989979E-2,8.413314819E-3,1.784557019E-2
1.095045375E0,-1.859521866E-2,-8.046388626E-3,8.340835571E-3,2.191109456E-2
1.100065896E0,-4.314541817E-3,-3.268241882E-3,3.511428833E-3,6.451884108E-3
1.105086416E0,-9.095311165E-3,-1.762706041E-2,3.481864929E-3,2.013855326E-2
1.110106937E0,-4.385113716E-3,-2.705472708E-2,2.243804932E-2,3.542108887E-2
1.115127458E0,-9.162425995E-3,-1.741558313E-2,1.275157928E-2,2.344899487E-2
1.120147979E0,-2.344846725E-2,-1.260524988E-2,-1.608848572E-3,2.667042060E-2
1.125168500E0,-1.862430573E-2,-1.258921623E-2,3.144264221E-3,2.269888822E-2
1.130189021E0,-1.378881931E-2,-2.681881189E-2,1.736068726E-2,3.479617323E-2
1.135209541E0,-4.291057587E-3,-1.247894764E-2,1.721000671E-2,2.168690020E-2
1.140230062E0,-1.856327057E-2,-1.714938879E-2,1.231288910E-2,2.811234227E-2
1.145250583E0,-2.321958542E-2,-2.658098936E-2,1.695632935E-2,3.915629256E-2
1.150271104E0,-1.354277134E-2,-1.699733734E-2,1.682090759E-2,2.748197708E-2
1.155291625E0,-1.354968548E-2,-7.499217987E-3,1.192665100E-2,1.954679644E-2
1.160312146E0,-1.350498199E-2,-7.525682449E-3,1.657295227E-2,2.266457990E-2
1.165332666E0,5.539178848E-3,-1.714062691E-2,6.940841675E-3,1.930437454E-2
1.170353187E0,-4.121065140E-3,-1.233255863E-2,6.874084473E-3,1.470810041E-2
1.175373708E0,-4.154920578E-3,-1.231878996E-2,1.156234741E-2,1.739838581E-2
1.180394229E0,-1.378285885E-2,-7.596790791E-3,1.957893372E-3,1.585912276E-2
1.185414750E0,-1.853621006E-2,-1.237100363E-2,6.681442261E-3,2.326530646E-2
1.190435271E0,-9.007334709E-3,-1.236259937E-2,1.611423492E-2,2.221788714E-2
1.195455791E0,-1.380050182E-2,-2.903223038E-3,1.729011536E-3,1.420816791E-2
1.200476312E0,-8.999586105E-3,-7.808208466E-3,-7.779121399E-3,1.422938506E-2
1.205496833E0,-8.989930153E-3,-3.026306629E-3,-7.719993591E-3,1.223011353E-2
1.210517354E0,-1.378047466E-2,-1.258134842E-2,1.132965088E-2,2.183008930E-2
1.215537875E0,-9.034037590E-3,-1.261138916E-2,6.481170654E-3,1.681268999E-2
1.220558396E0,-9.072780609E-3,-7.886946201E-3,-3.075599670E-3,1.240881065E-2
1.225578916E0,-1.385688782E-2,-1.744168997E-2,1.692771912E-3,2.234035285E-2
1.230599437E0,-9.058237076E-3,-1.263111830E-2,1.117324829E-2,1.914257782E-2
1.235619958E0,-2.324473858E-2,1.527488232E-3,6.340026855E-3,2.414222509E-2
1.240640479E0,-1.841950417E-2,-3.316998482E-3,6.278991699E-3,1.974098147E-2
1.245661000E0,-1.363730431E-2,-2.242392302E-2,2.046680450E-2,3.328210448E-2
1.250681521E0,-8.892059326E-3,-1.287496090E-2,2.029037476E-2,2.562289299E-2
1.255702041E0,-1.368618011E-2,-1.290822029E-2,5.869865417E-3,1.970758730E-2
1.260722562E0,-8.837342262E-3,-1.293551922E-2,5.826950073E-3,1.671465294E-2
1.265743083E0,-4.086256027E-3,-1.297402382E-2,5.778312683E-3,1.477875772E-2
1.270763604E0,-4.169106483E-3,-1.300078630E-2,5.724906921E-3,1.480460917E-2
1.275784125E0,-8.999824524E-3,-2.247273922E-2,5.668640137E-3,2.486270964E-2
1.280804646E0,-8.995890617E-3,-2.238017321E-2,-8.626937866E-3,2.561683543E-2
1.285825166E0,-4.286527634E-3,-1.762592793E-2,5.687713623E-3,1.901046398E-2
1.290845687E0,-1.386475563E-2,-1.756232977E-2,1.038074493E-2,2.466630781E-2
1.295866208E0,-9.120464325E-3,-2.225351334E-2,5.537033081E-3,2.467915032E-2
1.300886729E0,-4.358530045E-3,-1.750034094E-2,-4.003524780E-3,1.847395268E-2
1.305907250E0,-9.184837341E-3,-1.753526926E-2,5.523681641E-3,2.055134944E-2
1.310927771E0,-1.392495632E-2,-2.222663164E-2,1.497173309E-2,3.020066811E-2
1.315948291E0,3.141164780E-4,-1.269072294E-2,1.009273529E-2,1.621778109E-2
1.320968812E0,2.949237823E-4,-1.267397404E-2,-4.234313965E-3,1.336585249E-2
1.325989333E0,2.242326736E-4,-1.745748520E-2,5.493164062E-4,1.746756475E-2
1.331009854E0,-9.391665459E-3,-7.898271084E-3,5.359649658E-4,1.228305030E-2
1.336030375E0,-1.418161392E-2,-1.266998053E-2,1.002025604E-2,2.149539744E-2
1.341050896E0,-9.380340576E-3,-1.739615202E-2,5.185127258E-3,2.043287643E-2
1.346071416E0,1.295804977E-4,-1.263755560E-2,9.890556335E-3,1.604829297E-2
1.351091937E0,-1.423406601E-2,-7.815420628E-3,5.048751831E-3,1.700527359E-2
1.356112458E0,-4.683852196E-3,-1.733058691E-2,1.450061798E-2,2.307716698E-2
1.361132979E0,-1.901006699E-2,-1.722359657E-2,1.911735535E-2,3.199231472E-2
1.366153500E0,-2.366268635E-2,-1.710605621E-2,1.420402527E-2,3.246989711E-2
1.371174021E0,-1.408541203E-2,-1.224666834E-2,1.407432556E-2,2.337661989E-2
1.376194541E0,-4.536390305E-3,-1.697641611E-2,1.870250702E-2,2.566244941E-2
1.381215062E0,-1.416134834E-2,-2.667069435E-3,4.286766052E-3,1.503440752E-2
1.386235583E0,-4.717707634E-3,-1.223087311E-2,1.373386383E-2,1.898604851E-2
1.391256104E0,-9.546637535E-3,-2.176654339E-2,4.117012024E-3,2.412199178E-2
1.396276625E0,-9.583950043E-3,-2.172005177E-2,2.307128906E-2,3.310433697E-2
1.401297146E0,-4.872560501E-3,-1.687383652E-2,2.761936188E-2,3.273067911E-2
1.406317666E0,-4.945993423E-3,-1.686245203E-2,1.788616180E-2,2.507428810E-2
1.411338187E0,-1.927006245E-2,-7.365584373E-3,8.234024048E-3,2.221230046E-2
1.416358708E0,-5.035400391E-3,-2.696335316E-3,-1.342773438E-3,5.867582273E-3
1.421379229E0,-5.110383034E-3,-1.230573654E-2,3.411293030E-3,1.375442062E-2
1.426399750E0,-1.468169689E-2,-1.228648424E-2,8.122444153E-3,2.079625009E-2
1.431420271E0,-5.179286003E-3,-2.176439762E-2,-6.198883057E-3,2.321508472E-2
1.436440791E0,-5.255937576E-3,-1.682037115E-2,1.283264160E-2,2.179968935E-2
1.441461312E0,-1.482892036E-2,-7.272243500E-3,-6.277084351E-3,1.766873489E-2
1.446481833E0,-1.482510567E-2,-1.194596291E-2,3.257751465E-3,1.931586737E-2
1.451502354E0,-1.471805573E-2,-1.193541288E-2,7.982254028E-3,2.056189739E-2
1.456522875E0,-1.941215992E-2,-1.667344570E-2,-1.584053040E-3,2.563873960E-2
1.461543396E0,-9.818792343E-3,-2.136629820E-2,2.216911316E-2,3.231713106E-2
1.466563916E0,-9.799480438E-3,-1.182043552E-2,1.248741150E-2,1.979110807E-2
1.471584437E0,-1.928305626E-2,-2.125632763E-2,7.629394531E-3,2.969638671E-2
1.476604958E0,-1.918768883E-2,-6.865382195E-3,1.230907440E-2,2.380785979E-2
1.481625479E0,-1.914203167E-2,-1.173752546E-2,1.220321655E-2,2.555592641E-2
1.486646000E0,-9.602546692E-3,-1.652312279E-2,1.209545135E-2,2.261686170E-2
1.491666521E0,9.351730347E-3,-1.657772064E-2,-2.253532410E-3,1.916648352E-2
1.496687041E0,-1.458299160E-2,-7.071852684E-3,-6.988525391E-3,1.764976576E-2
1.501707562E0,-1.458132267E-2,-2.405107021E-3,1.205825806E-2,1.907357067E-2
1.506728083E0,-1.458251476E-2,-2.531409264E-3,1.195240021E-2,1.902413310E-2
1.511748604E0,-1.937806606E-2,-1.209062338E-2,2.133560181E-2,3.125540789E-2
1.516769125E0,-1.448178291E-2,-1.212483644E-2,2.116394043E-2,2.836628403E-2
1.521789646E0,-9.729623795E-3,-2.558469772E-3,1.622772217E-2,1.909320071E-2
1.526810166E0,-1.920807362E-2,-7.414937019E-3,6.595611572E-3,2.162020988E-2
1.531830687E0,-9.564757347E-3,-2.643048763E-2,6.543159485E-3,2.885945591E-2
1.536851208E0,-9.553313255E-3,-2.149915695E-2,-7.762908936E-3,2.477382286E-2
1.541871729E0,-1.429045200E-2,-1.196366549E-2,-2.949714661E-3,1.886921108E-2
1.546892250E0,-4.794239998E-3,-1.670151949E-2,-7.681846619E-3,1.899832250E-2
1.551912771E0,-9.619832039E-3,-1.664566994E-2,1.871109009E-3,1.931632846E-2
1.556933291E0,-1.435351372E-2,-1.184177399E-2,1.852989197E-3,1.869985391E-2
1.561953812E0,-1.905059814E-2,-1.178050041E-2,1.132869720E-2,2.510069441E-2
1.566974333E0,-4.660129547E-3,-2.126264572E-2,1.123714447E-2,2.449674114E-2
1.571994854E0,-9.380698204E-3,-6.969213486E-3,1.589775085E-2,1.973083672E-2
1.577015375E0,-4.622220993E-3,-1.174873114E-2,1.101398468E-2,1.675426718E-2
1.582035896E0,-9.452104568E-3,-2.294540405E-3,1.091670990E-2,1.462127735E-2
1.587056416E0,-1.419007778E-2,2.332389355E-3,6.076812744E-3,1.561172638E-2
1.592076937E0,-9.385824203E-3,-1.675868034E-2,6.023406982E-3,2.013028799E-2
1.597097458E0,-1.892733574E-2,-1.206851006E-2,1.071929932E-2,2.487561760E-2
1.602117979E0,-9.338021278E-3,-7.302761078E-3,-3.618240356E-3,1.239437873E-2
1.607138500E0,-4.582762718E-3,-1.213675737E-2,1.160621643E-3,1.302496205E-2
1.612159021E0,3.552436829E-5,-2.570390701E-3,5.882263184E-3,6.419438488E-3
1.617179541E0,-1.907587051E-2,-1.687777042E-2,1.076698303E-3,2.549327852E-2
1.622200062E0,-1.428544521E-2,-1.687204838E-2,1.062393188E-3,2.213297632E-2
1.627220583E0,-1.908349991E-2,-1.681476831E-2,5.787849426E-3,2.608477723E-2
1.632241104E0,-1.429295540E-2,-1.206111908E-2,5.733489990E-3,1.956098349E-2
1.637261625E0,-1.904225349E-2,-7.352769375E-3,5.680084229E-3,2.118806250E-2
1.642282146E0,-1.425206661E-2,-7.323265076E-3,1.037025452E-2,1.908648194E-2
1.647302666E0,-9.447336197E-3,-7.391512394E-3,5.535125732E-3,1.321076204E-2
1.652323187E0,1.430511475E-5,-1.220768690E-2,7.352828979E-4,1.222981868E-2
1.657343708E0,-1.904249191E-2,-7.383525372E-3,7.238388062E-4,2.043665549E-2
1.662364229E0,-1.425516605E-2,-1.221114397E-2,-4.035949707E-3,1.919923661E-2
1.667384750E0,-4.701972008E-3,-7.438540459E-3,-4.005432129E-3,9.668707848E-3
1.672405271E0,-1.432549953E-2,-7.454216480E-3,-8.734703064E-3,1.835974722E-2
1.677425791E0,-1.902282238E-2,-1.222968102E-2,1.507759094E-2,2.718026155E-2
1.682446312E0,-9.435534477E-3,-7.468342781E-3,1.494884491E-2,1.919045124E-2
1.687466833E0,-4.624962807E-3,-1.694059372E-2,1.007556915E-2,2.024576722E-2
1.692487354E0,-1.894891262E-2,-7.437348366E-3,1.473426819E-2,2.512914840E-2
1.697507875E0,-1.415669918E-2,-7.556259632E-3,5.111694336E-3,1.684157387E-2
1.702528396E0,-9.407281876E-3,-1.232510805E-2,3.118515015E-4,1.550814277E-2
1.707548916E0,-2.369141579E-2,-7.557272911E-3,1.454639435E-2,2.880960160E-2
1.712569437E0,-9.419918060E-3,-7.583379745E-3,4.914283752E-3,1.305345508E-2
1.717589958E0,3.862380981E-5,-2.803444862E-3,1.134872437E-4,2.806006816E-3
1.722610479E0,-9.575843811E-3,-1.716053486E-2,1.068115234E-4,1.965177219E-2
1.727631000E0,-4.867434502E-3,-1.240968704E-2,-9.396553040E-3,1.630912199E-2
1.732651521E0,9.301662445E-3,-1.718974113E-2,9.670257568E-3,2.180646707E-2
1.737672041E0,-5.141377449E-3,-2.193564177E-2,8.678436279E-5,2.253028347E-2
1.742692562E0,-9.918093681E-3,-7.653713226E-3,-4.662513733E-3,1.336738354E-2
1.747713083E0,-9.949684143E-3,-1.721620560E-2,9.615898132E-3,2.208754053E-2
1.752733604E0,-5.238175392E-3,-2.196192741E-2,1.427841187E-2,2.671399975E-2
1.757754125E0,-5.259871483E-3,-1.711374521E-2,4.659652710E-3,1.850024018E-2
1.762774646E0,-1.008152962E-2,-1.705449820E-2,-9.633064270E-3,2.202927769E-2
1.767795166E0,-1.481139660E-2,-1.224720478E-2,-5.817413330E-5,1.921912793E-2
1.772815687E0,-1.000487804E-2,-7.531583309E-3,-5.722045898E-5,1.252300307E-2
1.777836208E0,-5.186676979E-3,-1.235228777E-2,4.697799683E-3,1.419682898E-2
1.782856729E0,-5.211710930E-3,-2.893030643E-3,-8.964538574E-5,5.961509324E-3
1.787877250E0,-1.003658772E-2,-7.758080959E-3,9.402275085E-3,1.578998701E-2
1.792897771E0,-1.006996632E-2,-7.776796818E-3,-9.678840637E-3,1.598632999E-2
1.797918291E0,-1.965165138E-2,-1.734393835E-2,4.635810852E-3,2.661748188E-2
1.802938812E0,-1.015663147E-2,-1.252859831E-2,-4.914283752E-3,1.686040104E-2
1.807959333E0,-1.024341583E-2,-1.731336117E-2,9.361267090E-3,2.218813567E-2
1.812979854E0,-5.523800850E-3,-1.249825954E-2,-2.222061157E-4,1.366631783E-2
1.818000375E0,-5.491495132E-3,-7.780551910E-3,4.533767700E-3,1.054744312E-2
1.823020896E0,-5.462288857E-3,-1.735335588E-2,9.249687195E-3,2.040912230E-2
1.828041416E0,-5.484938622E-3,-1.254934072E-2,-3.271102905E-4,1.369954399E-2
1.833061937E0,-1.030194759E-2,-1.262569427E-2,-3.271102905E-4,1.629862820E-2
1.838082458E0,-1.982450485E-2,-1.734089851E-2,-9.829521179E-3,2.811293724E-2
1.843102979E0,-1.503062248E-2,-2.208554745E-2,9.241104126E-3,2.826816272E-2
1.848123500E0,-1.028227806E-2,-2.680200338E-2,-5.086898804E-3,2.915388768E-2
1.853144021E0,-1.981341839E-2,-1.722234488E-2,9.195327759E-3,2.781608822E-2
1.858164541E0,-1.026546955E-2,-1.240801811E-2,-5.135536194E-3,1.690303259E-2
1.863185062E0,-1.499664783E-2,-1.239371300E-2,-3.471374512E-4,1.945826489E-2
1.868205583E0,-1.024019718E-2,-7.676899433E-3,1.389598846E-2,1.889166268E-2
1.873226104E0,-2.926588058E-2,-7.747888565E-3,-4.711151123E-4,3.027777226E-2
1.878246625E0,-3.378415108E-2,-7.818281651E-3,9.035110474E-3,3.583472636E-2
1.883267146E0,-1.457118988E-2,-7.830798626E-3,4.208564758E-3,1.706906556E-2
1.888287666E0,-9.766697884E-3,-7.848858833E-3,4.170417786E-3,1.320550480E-2
1.893308187E0,-2.506971359E-4,-3.060996532E-3,-1.011562347E-2,1.057158394E-2
1.898328708E0,-9.862780571E-3,-1.736432314E-2,-5.426406860E-4,1.997720245E-2
1.903349229E0,-1.939177513E-2,-1.734888554E-2,4.204750061E-3,2.635725128E-2
1.908369750E0,-9.801387787E-3,-1.724177599E-2,-5.846023560E-4,1.984156752E-2
1.913390271E0,4.408836365E-3,-1.243293285E-2,8.908271790E-3,1.591769342E-2
1.918410791E0,-5.241990089E-3,-1.241266727E-2,8.825302124E-3,1.610710174E-2
1.923431312E0,-5.263686180E-3,-1.239258051E-2,1.349735260E-2,1.906465240E-2
1.928451833E0,-1.003372669E-2,-1.706951857E-2,3.882408142E-3,2.017714619E-2
1.933472354E0,-1.476681232E-2,-2.176481485E-2,8.595466614E-3,2.767034438E-2
1.938492875E0,-5.263805389E-3,-1.691830158E-2,8.515357971E-3,1.965827808E-2
1.943513396E0,-1.003384590E-2,-7.312059402E-3,8.439064026E-3,1.501206441E-2
1.948533916E0,-1.476693153E-2,-2.591729164E-3,1.311397552E-2,1.991872689E-2
1.953554437E0,-1.476371288E-2,-1.215618849E-2,1.299571991E-2,2.312204300E-2
1.958574958E0,-9.951829910E-3,-2.681493759E-3,-1.560401917E-2,1.870066152E-2
1.963595479E0,-1.468276978E-2,-1.229113340E-2,3.520011902E-3,1.946910816E-2
1.968616000E0,-1.937711239E-2,1.967728138E-3,-6.009101868E-3,2.038268245E-2
1.973636521E0,-1.463019848E-2,-2.920746803E-3,-1.221656799E-3,1.496883144E-2
1.978657041E0,-1.457643509E-2,-1.248246431E-2,3.534317017E-3,1.951347668E-2
1.983677562E0,-2.230405807E-4,-1.246178150E-2,-1.240730286E-3,1.252538051E-2
1.988698083E0,-9.786486626E-3,-1.244699955E-2,3.515243530E-3,1.621912622E-2
1.993718604E0,-5.073428154E-3,-1.242661476E-2,1.772308350E-2,2.223214151E-2
1.998739125E0,-9.842157364E-3,-1.720088720E-2,8.078575134E-3,2.140098031E-2
2.003759646E0,-2.412545681E-2,-2.901136875E-3,3.253936768E-3,2.451616540E-2
2.008780166E0,-1.455008984E-2,-7.823467255E-3,-1.524925232E-3,1.659027279E-2
2.013800687E0,-9.742856026E-3,-7.939219475E-3,-1.509666443E-3,1.265833884E-2
2.018821208E0,-2.270936966E-4,-1.280248165E-2,3.253936768E-3,1.321148033E-2
2.023841729E0,-5.042076111E-3,-8.036375046E-3,1.272106171E-2,1.586919237E-2
2.028862250E0,-5.171537399E-3,-3.309965134E-3,3.104209900E-3,6.880173498E-3
2.033882771E0,-4.452466965E-4,-8.165895939E-3,-6.418228149E-3,1.039585272E-2
2.038903291E0,-1.475250721E-2,-1.292967796E-2,-1.619338989E-3,1.968337623E-2
2.043923812E0,-9.949326515E-3,-8.162498474E-3,1.263713837E-2,1.803642829E-2
2.048944333E0,-1.948046684E-2,-1.767480373E-2,3.026008606E-3,2.647723557E-2
2.053964854E0,-9.883642197E-3,-1.290833950E-2,3.001213074E-3,1.653235893E-2
2.058985375E0,-1.466679573E-2,-1.298737526E-2,1.721858978E-2,2.608192185E-2
2.064005896E0,-1.456129551E-2,-1.771670580E-2,7.580757141E-3,2.415327866E-2
2.069026416E0,4.540324211E-3,-8.207082748E-3,7.523536682E-3,1.202390766E-2
2.074046937E0,-3.113746643E-4,-8.222043514E-3,-2.038955688E-3,8.476809189E-3
2.079067458E0,4.374384880E-3,6.060242653E-3,-2.027511597E-3,7.744197012E-3
2.084087979E0,-1.002752781E-2,-3.576338291E-3,7.477760315E-3,1.300993501E-2
2.089108500E0,-1.011550426E-2,-1.788109541E-2,2.653121948E-3,2.071463385E-2
2.094129021E0,-1.959359646E-2,-8.370101452E-3,-2.117156982E-3,2.141144493E-2
2.099149541E0,-1.000440121E-2,-1.319527626E-2,2.649307251E-3,1.676968062E-2
2.104170062E0,-1.009261608E-2,-8.425891399E-3,1.210975647E-2,1.787463977E-2
2.109190583E0,-1.012551785E-2,-1.793599129E-2,7.251739502E-3,2.183606239E-2
2.114211104E0,-1.485788822E-2,-8.430242538E-3,-2.305984497E-3,1.723784778E-2
2.119231625E0,-1.484823227E-2,1.007676125E-3,7.205009460E-3,1.653473840E-2
2.124252146E0,-1.009583473E-2,1.013457775E-3,7.130622864E-3,1.240156273E-2
2.129272666E0,-1.013159752E-2,-1.327794790E-2,-2.437591553E-3,1.687883353E-2
2.134293187E0,-1.016426086E-2,-1.319903135E-2,-1.192569733E-2,2.048777402E-2
2.139313708E0,-1.019656658E-2,-8.423864841E-3,1.190757751E-2,1.779668147E-2
2.144334229E0,-5.425691605E-3,-2.272850275E-2,1.180839539E-2,2.618131334E-2
2.149354750E0,-5.494713783E-3,-2.272003889E-2,-2.538681030E-3,2.351248494E-2
2.154375271E0,-8.172988892E-4,-2.736252546E-2,2.222061157E-3,2.746476530E-2
2.159395791E0,-5.621671677E-3,-1.776683331E-2,2.119731903E-2,2.822392411E-2
2.164416312E0,-1.038873196E-2,-8.205115795E-3,2.023696899E-3,1.339197618E-2
2.169436833E0,-1.041638851E-2,-1.776307821E-2,-7.495880127E-3,2.191383846E-2
2.174457354E0,-5.640745163E-3,-3.441512585E-3,-2.687454224E-3,7.133331975E-3
2.179477875E0,-1.520490646E-2,-8.290648460E-3,6.826400757E-3,1.861514920E-2
2.184498396E0,-1.039791107E-2,-1.311081648E-2,2.020835876E-3,1.685508354E-2
2.189518916E0,-1.987361908E-2,-8.388042450E-3,2.003669739E-3,2.166413358E-2
2.194539437E0,-1.497328281E-2,1.095533371E-3,1.148700714E-2,1.890372251E-2
2.199559958E0,-5.416870117E-3,8.997321129E-4,-1.234817505E-2,1.351404554E-2
2.204580531E0,-5.437135696E-3,-8.739769459E-3,-7.496833801E-3,1.273375561E-2
2.209601104E0,-1.020848751E-2,-1.830464602E-2,-2.685546875E-3,2.113020220E-2
2.214621677E0,8.802413940E-3,-1.824116707E-2,-7.414817810E-3,2.156854632E-2
2.219642250E0,-5.581974983E-3,-3.926992416E-3,-2.607345581E-3,7.306022525E-3
2.224662823E0,-5.652546883E-3,-8.726119995E-3,-7.342338562E-3,1.272817316E-2
2.229683396E0,-9.250640869E-4,-1.823949814E-2,-1.203250885E-2,2.187044364E-2
2.234703969E0,-1.034379005E-3,-1.342236996E-2,-7.192611694E-3,1.526314575E-2
2.239724541E0,-1.538836956E-2,-1.339387894E-2,7.103919983E-3,2.160239778E-2
2.244745114E0,-1.077055931E-3,-1.810842752E-2,7.041931152E-3,1.945929062E-2
2.249765687E0,3.615021706E-3,-1.804089546E-2,6.979942322E-3,1.967897065E-2
2.254786260E0,-1.234650612E-3,-1.328849792E-2,6.921768188E-3,1.503394207E-2
2.259806833E0,-1.083850861E-2,-2.280974388E-2,-2.638816833E-3,2.539135757E-2
2.264827406E0,-6.119608879E-3,-2.276039124E-2,-2.622604370E-3,2.371419566E-2
2.269847979E0,-1.083660126E-2,-1.316845417E-2,6.898880005E-3,1.839659363E-2
2.274868552E0,3.436803818E-3,-1.313638687E-2,6.838798523E-3,1.520346821E-2
2.279889125E0,-1.457333565E-3,5.780398846E-3,2.030372620E-3,6.297558647E-3
2.284909698E0,-6.262063980E-3,-8.653998375E-3,2.013206482E-3,1.087005674E-2
2.289930271E0,-6.280899048E-3,-8.728265762E-3,-2.752304077E-3,1.109988711E-2
2.294950844E0,-6.242394447E-3,-8.790552616E-3,2.024650574E-3,1.096998239E-2
2.299971416E0,-6.252884865E-3,-3.994882107E-3,-2.746582031E-3,7.912102441E-3
2.304991989E0,-1.101469994E-2,7.035732269E-4,-2.726554871E-3,1.136893713E-2
2.310012562E0,-1.103997231E-2,-8.882641792E-3,-1.695823669E-2,2.209896164E-2
2.315033135E0,-1.581060886E-2,-1.363480091E-2,6.916999817E-3,2.199381811E-2
2.320053708E0,-2.044117451E-2,-1.830142736E-2,1.160812378E-2,2.979148195E-2
2.325074281E0,-6.090760231E-3,-1.338052750E-2,1.150321960E-2,1.866708166E-2
2.330094802E0,-1.090836525E-2,-1.810657978E-2,-2.846717834E-3,2.132942724E-2
2.335115323E0,-1.568293571E-2,-2.273595333E-2,6.662368774E-3,2.841241285E-2
2.340135844E0,-6.120681763E-3,-2.262985706E-2,1.855850220E-3,2.351632106E-2
2.345156364E0,-6.089210510E-3,-2.248442173E-2,-1.240539551E-2,2.639169458E-2
2.350176885E0,-1.085805893E-2,-1.764333248E-2,-2.807617188E-3,2.090615553E-2
2.355197406E0,-1.563310623E-2,-1.757967472E-2,1.620101929E-2,2.856417336E-2
2.360217927E0,-1.561987400E-2,-1.281970739E-2,1.605987549E-2,2.581172141E-2
2.365238448E0,-6.106972694E-3,-1.279056072E-2,-3.076553345E-3,1.450374916E-2
2.370258969E0,-1.562130451E-2,-8.024573326E-3,1.694679260E-3,1.764343701E-2
2.375279489E0,-2.030503750E-2,-8.092701435E-3,-3.067970276E-3,2.207258041E-2
2.380300010E0,-5.955696106E-3,-1.290875673E-2,6.454467773E-3,1.561302247E-2
2.385320531E0,-6.023049355E-3,-3.439188004E-3,6.395339966E-3,9.434273206E-3
2.390341052E0,-1.558685303E-2,-3.493845463E-3,-7.911682129E-3,1.782558996E-2
2.395361573E0,-1.087999344E-2,1.194715500E-3,-2.210521698E-2,2.466662158E-2
2.400382094E0,-1.080310345E-2,1.101434231E-3,1.824378967E-3,1.101129239E-2
2.405402614E0,-6.035685539E-3,-8.447885513E-3,-2.944946289E-3,1.079207942E-2
2.410423135E0,-1.565110683E-2,-8.460819721E-3,1.813888550E-3,1.788387003E-2
2.415443656E0,-6.091952324E-3,-8.427798748E-3,-2.955436707E-3,1.081084090E-2
2.420464177E0,-1.406788826E-3,-1.318371296E-2,-2.939224243E-3,1.358044113E-2
2.425484698E0,-6.312370300E-3,-1.795732975E-2,1.822471619E-3,1.912153533E-2
2.430505219E0,-1.107084751E-2,-2.268552780E-2,6.555557251E-3,2.608011057E-2
2.435525739E0,-1.579535007E-2,-1.783704758E-2,1.124668121E-2,2.634655933E-2
2.440546260E0,-1.572906971E-2,-2.246862650E-2,6.399154663E-3,2.816366438E-2
2.445566781E0,-1.091492176E-2,-2.711319923E-2,6.342887878E-3,2.990808112E-2
2.450587302E0,-6.143689156E-3,-1.753097773E-2,1.578712463E-2,2.437854386E-2
2.455607823E0,-1.409292221E-3,-8.022904396E-3,6.158828735E-3,1.021196704E-2
2.460628344E0,-1.095998287E-2,-1.278793812E-2,-3.392219543E-3,1.718021360E-2
2.465648864E0,-6.185531616E-3,-8.067905903E-3,-8.112907410E-3,1.300658194E-2
2.470669385E0,-1.580250263E-2,-8.193075657E-3,-1.280212402E-2,2.192578294E-2
2.475689906E0,-1.583945751E-2,-1.775681973E-2,1.538276672E-3,2.384448272E-2
2.480710427E0,-1.576995850E-2,-1.768648624E-2,1.523017883E-3,2.374495673E-2
2.485730948E0,-1.095545292E-2,-3.480255604E-3,1.101016998E-2,1.591722246E-2
2.490751469E0,-1.098120213E-2,-8.334755898E-3,1.091289520E-2,1.758255493E-2
2.495771989E0,-6.209373474E-3,-1.315450668E-2,-3.423690796E-3,1.494386241E-2
2.500792510E0,-1.577734947E-2,-1.319128275E-2,-1.289749146E-2,2.427508976E-2
2.505813031E0,-1.101720333E-2,-1.322209835E-2,-8.047103882E-3,1.899890878E-2
2.510833552E0,-2.053940296E-2,-1.794373989E-2,1.508712769E-3,2.731521718E-2
2.515854073E0,-1.573956013E-2,-8.386313915E-3,-3.260612488E-3,1.812996437E-2
2.520874594E0,-2.052557468E-2,-1.309669018E-2,6.246566772E-3,2.513646964E-2
2.525895114E0,-1.097452641E-2,-1.307088137E-2,6.185531616E-3,1.815348371E-2
2.530915635E0,-6.254434586E-3,-1.310271025E-2,1.379966736E-3,1.458435038E-2
2.535936156E0,-1.576757431E-2,-2.732807398E-2,-3.382682800E-3,3.173141298E-2
2.540956677E0,-1.450300217E-3,-2.242392302E-2,-3.356933594E-3,2.272013858E-2
2.545977198E0,-1.104950905E-2,-2.706319094E-2,6.159782410E-3,2.987391627E-2
2.550997719E0,-1.582574844E-2,-1.273292303E-2,6.102561951E-3,2.120902886E-2
2.556018239E0,-1.095914841E-2,-2.690404654E-2,-3.445625305E-3,2.925411061E-2
2.561038760E0,-1.387357712E-3,-2.207207680E-2,-3.411293030E-3,2.237718159E-2
2.566059281E0,-2.038371563E-2,-1.247447729E-2,-1.287746429E-2,2.714659340E-2
2.571079802E0,-6.033778191E-3,-1.730567217E-2,6.226539612E-3,1.935620221E-2
2.576100323E0,-1.080298424E-2,-1.725620031E-2,-3.325462341E-3,2.062861162E-2
2.581120844E0,-1.072680950E-2,-1.239562035E-2,-8.046150208E-3,1.826078802E-2
2.586141364E0,-5.954265594E-3,-2.930343151E-3,1.101493835E-2,1.285959007E-2
2.591161885E0,-1.273036003E-3,6.456077099E-3,6.169319153E-3,9.020091517E-3
2.596182406E0,-6.125211716E-3,-7.869303226E-3,1.358032227E-3,1.006421400E-2
2.601202927E0,-1.093685627E-2,-1.247501373E-2,6.077766418E-3,1.766861730E-2
2.606223448E0,-1.095986366E-2,-1.244878769E-2,1.076698303E-2,1.977419657E-2
2.611243969E0,-2.047967911E-2,-1.717126369E-2,5.920410156E-3,2.737372480E-2
2.616264489E0,-2.042603493E-2,-1.711159945E-2,1.061058044E-2,2.868125095E-2
2.621285010E0,-1.562440395E-2,-1.700073481E-2,1.051044464E-2,2.536959656E-2
2.626305531E0,-1.561403275E-2,-2.174830437E-2,9.202957153E-4,2.678868615E-2
2.631326052E0,-1.560091972E-2,-2.170205116E-2,-3.841400146E-3,2.700229761E-2
2.636346573E0,-1.553344727E-2,-1.215356588E-2,-8.558273315E-3,2.149979511E-2
2.641367094E0,-2.496635914E-2,-1.688420773E-2,-2.273559570E-2,3.775318359E-2
2.646387614E0,-2.007234097E-2,-2.575755119E-3,1.193046570E-3,2.027206813E-2
2.651408135E0,-5.773782730E-3,-2.683639526E-3,1.177787781E-3,6.475003643E-3
2.656428656E0,-1.528525352E-2,-7.487475872E-3,1.165390015E-3,1.706046319E-2
2.661449177E0,-1.047480106E-2,-2.811610699E-3,1.065254211E-2,1.520208096E-2
2.666469698E0,-1.050734520E-2,-7.677435875E-3,1.055812836E-2,1.675772655E-2
2.671490219E0,-9.852647781E-4,6.554305553E-3,9.698867798E-4,6.698533297E-3
2.676510739E0,-1.053667068E-2,-1.257205009E-2,-3.789901733E-3,1.683571287E-2
2.681531260E0,-2.475976944E-2,-1.260226965E-2,-3.758430481E-3,2.803549862E-2
2.686551781E0,-1.037621498E-2,-1.253473759E-2,-8.481025696E-3,1.834974879E-2
2.691572302E0,-1.041245461E-2,-7.776618004E-3,-3.670692444E-3,1.350440600E-2
2.696592823E0,-1.519691944E-2,-7.754981518E-3,1.096725464E-3,1.709645886E-2
2.701613344E0,-1.039004326E-2,-1.722484827E-2,1.057910919E-2,2.272808721E-2
2.706633864E0,-1.516902447E-2,-1.716470718E-2,9.851455688E-4,2.292808295E-2
2.711654385E0,-1.036238670E-2,-1.236230135E-2,-1.801967621E-2,2.418500121E-2
2.716674906E0,-5.592942238E-3,1.902818680E-3,-1.312351227E-2,1.439195248E-2
2.721695427E0,-5.611658096E-3,-7.693409920E-3,-1.301670074E-2,1.612804269E-2
2.726715948E0,-1.517605782E-2,-7.810294628E-3,-1.291084290E-2,2.140101159E-2
2.731736469E0,-1.516664028E-2,-2.202242613E-2,-3.317832947E-3,2.694479997E-2
2.736756989E0,-5.608677864E-3,-2.667075396E-2,6.203651428E-3,2.795123745E-2
2.741777510E0,-5.627274513E-3,-1.223474741E-2,6.146430969E-3,1.480317116E-2
2.746798031E0,-1.039421558E-2,-1.226776838E-2,-3.401756287E-3,1.643501763E-2
2.751818552E0,-1.981556416E-2,-1.224321127E-2,1.378059387E-3,2.333349208E-2
2.756839073E0,-1.495885849E-2,-2.175611258E-2,1.086330414E-2,2.855008334E-2
2.761859594E0,-1.970255375E-2,-2.166396379E-2,6.015777588E-3,2.989494157E-2
2.766880114E0,-1.965820789E-2,-1.207560301E-2,-3.540039062E-3,2.334089120E-2
2.771900635E0,-1.491463184E-2,-1.210999489E-2,-2.251625061E-2,2.959864458E-2
2.776921156E0,-1.965582371E-2,-1.209241152E-2,-3.343582153E-3,2.331860552E-2
2.781941677E0,-1.486051083E-2,-7.274866104E-3,-3.327369690E-3,1.687690279E-2
2.786962198E0,-1.005351543E-2,-1.194280386E-2,-8.056640625E-3,1.756739010E-2
2.791982719E0,-5.292296410E-3,-2.389431000E-3,-7.995605469E-3,9.881674382E-3
2.797003239E0,-1.011657715E-2,-1.195555925E-2,1.559257507E-3,1.573886318E-2
2.802023760E0,-6.521940231E-4,-1.193928719E-2,6.286621094E-3,1.350901700E-2
2.807044281E0,-5.463600159E-3,-1.662576199E-2,-1.276588440E-2,2.166182570E-2
2.812064802E0,-1.018321514E-2,-1.182776690E-2,6.337165833E-3,1.684498772E-2
2.817085323E0,-1.016092300E-2,-1.180684566E-2,1.532554626E-3,1.565230605E-2
2.822105844E0,-6.473064423E-4,-1.190084219E-2,1.523017883E-3,1.201534993E-2
2.827126364E0,-1.025319099E-2,-1.193100214E-2,6.253242493E-3,1.692866738E-2
2.832146885E0,-1.503038406E-2,-7.212400436E-3,6.195068359E-3,1.778510717E-2
2.837167406E0,-1.032245159E-2,-2.481520176E-3,-3.367424011E-3,1.113779573E-2
2.842187927E0,-1.035344601E-2,-2.595841885E-3,-8.093833923E-3,1.339561073E-2
2.847208448E0,-5.526781082E-3,-1.689165831E-2,-3.274917603E-3,1.807203682E-2
2.852228969E0,-1.508903503E-2,-7.377505302E-3,6.243705750E-3,1.791899618E-2
2.857249489E0,-1.033461094E-2,-2.708256245E-3,6.185531616E-3,1.234502477E-2
2.862270010E0,-1.501083374E-2,-7.569193840E-3,1.391410828E-3,1.686872399E-2
2.867290531E0,-1.500844955E-2,-1.229774952E-2,-3.379821777E-3,1.969546639E-2
2.872311052E0,-1.490008831E-2,-7.535874844E-3,-3.348350525E-3,1.702978252E-2
2.877331573E0,-1.003837585E-2,-7.499158382E-3,1.427650452E-3,1.261128669E-2
2.882352094E0,-1.002013683E-2,-2.176547050E-2,-8.084297180E-3,2.528823263E-2
2.887372614E0,-1.950466633E-2,-7.433354855E-3,6.225585938E-3,2.178175138E-2
2.892393135E0,-1.466178894E-2,-1.215738058E-2,6.168365479E-3,2.002045679E-2
2.897413656E0,-1.945960522E-2,-1.219677925E-2,1.085376740E-2,2.540161266E-2
2.902434177E0,-1.466310024E-2,-1.217287779E-2,1.075458527E-2,2.188256307E-2
2.907454698E0,-5.352663994E-2,-1.706397533E-2,5.330467224E-2,7.744461582E-2
2.912475219E0,-1.179292202E-1,-2.682340145E-2,6.678581238E-2,1.381562180E-1
2.917495739E0,-1.030879021E-1,-2.716523409E-2,-3.402233124E-2,1.119043543E-1
2.922516260E0,-3.471136093E-3,-3.236728907E-2,-2.005233765E-1,2.031485040E-1
2.927536781E0,4.897296429E-2,-9.178519249E-3,-2.990226746E-1,3.031454376E-1
2.932557302E0,7.889354229E-2,-5.274474621E-3,-2.113227844E-1,2.256309605E-1
2.937577823E0,4.772102833E-2,1.260131598E-2,-5.531311035E-3,4.966573377E-2
2.942598344E0,-6.943929195E-2,1.597940922E-2,1.937198639E-1,2.064086782E-1
2.947618864E0,-4.488122463E-2,-2.827596664E-2,2.961635590E-1,3.008765665E-1
2.952639385E0,-1.271167994E-1,-7.860660553E-4,1.600961685E-1,2.044262257E-1
2.957659906E0,-9.739971161E-2,2.217465639E-2,-3.212451935E-2,1.049304720E-1
2.962680427E0,-7.349455357E-2,2.184325457E-2,-2.940845490E-1,3.039149537E-1
2.967700948E0,-2.053284645E-2,4.115873575E-2,-4.303464890E-1,4.327975738E-1
2.972721469E0,1.002824306E-1,4.064977169E-3,-4.513549805E-1,4.623790743E-1
2.977741989E0,1.226034164E-1,1.103341579E-3,-3.390274048E-1,3.605168460E-1
2.982762510E0,6.132858992E-2,7.967412472E-3,-1.324691772E-1,1.461942493E-1
2.987783031E0,4.928827286E-2,-1.356202364E-2,1.104764938E-1,1.217305139E-1
2.992803552E0,2.826952934E-2,-1.590734720E-2,3.182001114E-1,3.198492158E-1
2.997824073E0,1.702576876E-2,-4.693001509E-2,4.434909821E-1,4.462920056E-1
3.002844594E0,2.047938108E-2,-4.482060671E-2,4.680767059E-1,4.706634620E-1
3.007865114E0,4.362410307E-2,-4.334294796E-2,4.213361740E-1,4.258002408E-1
3.012885635E0,3.896629810E-2,-3.294360638E-2,3.608598709E-1,3.644495850E-1
3.017906156E0,2.088314295E-2,-3.284132481E-2,2.582683563E-1,2.611842303E-1
3.022926677E0,3.261387348E-3,-3.810912371E-2,1.423511505E-1,1.474001086E-1
3.027947198E0,-2.867138386E-2,-4.860931635E-2,2.740669250E-2,6.273787279E-2
3.032967719E0,-4.671609402E-2,-4.498863220E-2,-9.137916565E-2,1.120558895E-1
3.037988239E0,-4.638671875E-2,-4.623943567E-2,-1.950025558E-1,2.057080695E-1
3.043008760E0,-4.203557968E-2,-3.777557611E-2,-2.788534164E-1,2.845227794E-1
3.048029281E0,2.101063728E-4,-3.367567062E-2,-4.142694473E-1,4.156359825E-1
3.053049802E0,3.828322887E-2,-3.875005245E-2,-5.199918747E-1,5.228371849E-1
3.058070323E0,9.173655510E-2,-1.476383209E-2,-5.249948502E-1,5.331539730E-1
3.063090844E0,1.035591364E-1,1.398295164E-2,-5.583000183E-1,5.679955353E-1
3.068111364E0,5.503934622E-2,4.742932320E-2,-5.816879272E-1,5.862079111E-1
3.073131885E0,-7.761693001E-2,1.136482954E-1,-5.857782364E-1,6.017278996E-1
3.078152406E0,5.508899689E-3,3.168654442E-2,-6.134481430E-1,6.142906553E-1
3.083172927E0,9.294104576E-2,-7.865619659E-2,-5.506029129E-1,5.639046045E-1
3.088193448E0,5.582773685E-2,-9.840860963E-2,-4.645423889E-1,4.781219737E-1
3.093213969E0,3.224802017E-2,-6.630742550E-2,-3.602762222E-1,3.677438861E-1
3.098234489E0,-3.509998322E-2,-3.471440077E-2,-2.807369232E-1,2.850444150E-1
3.103255010E0,-1.758122444E-2,-3.179121017E-2,-1.070165634E-1,1.130147129E-1
3.108275531E0,-5.948495865E-2,-2.854526043E-2,1.267223358E-1,1.428700199E-1
3.113296052E0,-2.384804487E-1,8.102238178E-3,4.719905853E-1,5.288796492E-1
3.118316573E0,-4.469417334E-1,3.942656517E-2,7.376594543E-1,8.633961070E-1
3.123337094E0,-3.447600603E-1,-1.196608841E-1,3.738641739E-1,5.224487026E-1
3.128357614E0,1.298719645E-2,-3.383672535E-1,2.125148773E-1,3.997794875E-1
3.133378135E0,4.128217697E-2,-2.215317786E-1,1.285562515E-1,2.594364216E-1
3.138398656E0,2.553057671E-2,8.523136377E-2,-3.105049133E-1,3.230007692E-1
3.143419177E0,1.722335815E-1,2.335683107E-1,-5.744380951E-1,6.435819198E-1
3.148439698E0,2.981068492E-1,1.725796461E-1,-4.559259415E-1,5.714191910E-1
3.153460219E0,4.930784702E-1,7.443964481E-2,-4.947557449E-1,7.024605937E-1
3.158480739E0,1.486214399E-1,1.490360498E-2,-6.943502426E-1,7.102342637E-1
3.163501260E0,-1.223599911E-2,-1.449329853E-1,-5.498189926E-1,5.687321114E-1
3.168521781E0,3.984856606E-2,-2.486615777E-1,-6.419181824E-2,2.598866637E-1
3.173542302E0,3.875768185E-2,-1.974789500E-1,1.658306122E-1,2.607678767E-1
3.178562823E0,-4.858052731E-2,-1.685126126E-1,1.423578262E-1,2.258812053E-1
3.183583344E0,1.157242060E-1,-1.618236601E-1,1.951665878E-1,2.786915604E-1
3.188603864E0,9.170067310E-2,-1.009014249E-1,8.132362366E-2,1.587565519E-1
3.193624385E0,4.096474648E-1,-1.746842265E-1,-5.523014069E-2,4.487493652E-1
3.198644906E0,4.976629019E-1,-2.051747143E-1,-2.435112000E-2,5.388487769E-1
3.203665427E0,4.178881645E-1,-2.350957394E-1,3.148307800E-1,5.736017301E-1
3.208685948E0,1.737281084E-1,-1.974622607E-1,8.169565201E-1,8.582486561E-1
3.213706469E0,-2.290468216E-1,-6.314939260E-2,9.724588394E-1,1.001062679E0
3.218726989E0,-6.154745817E-1,2.198379040E-1,8.841991425E-1,1.099520708E0
3.223747510E0,-8.784048557E-1,4.605093598E-1,8.346643448E-1,1.296274867E0
3.228768031E0,-8.795479536E-1,5.308226943E-1,9.946699142E-1,1.429946004E0
3.233788552E0,-6.268272400E-1,4.223915935E-1,1.462101936E0,1.645925004E0
3.238809073E0,-1.190344095E-1,2.595057487E-1,1.916133881E0,1.937287143E0
3.243829594E0,1.415109634E-1,2.080799341E-1,2.522934914E0,2.535453251E0
3.248850114E0,4.405293465E-1,2.999438047E-1,2.758779526E0,2.809785910E0
3.253870635E0,8.071696758E-1,4.108040333E-1,2.645840645E0,2.796561381E0
3.258891156E0,1.041999698E0,5.074788332E-1,2.647680283E0,2.890243764E0
3.263911677E0,1.065791726E0,5.286018848E-1,2.829850197E0,3.069753100E0
3.268932198E0,1.000033855E0,6.315178871E-1,3.360754967E0,3.562801777E0
3.273952719E0,8.253738880E-1,8.319016099E-1,3.875951767E0,4.049235044E0
3.278973239E0,4.589812756E-1,1.058269501E0,3.729823112E0,3.904123282E0
3.283993760E0,-1.065456867E-2,1.238948941E0,3.095754623E0,3.334487170E0
3.289014281E0,-6.610612869E-1,1.244673967E0,2.414781570E0,2.795958752E0
3.294034802E0,-1.287718534E0,9.888563752E-1,1.959920883E0,2.545063029E0
3.299055323E0,-1.611448050E0,5.816862583E-1,1.850573540E0,2.521853712E0
3.304075844E0,-1.488775730E0,9.024161100E-2,2.033686638E0,2.521998823E0
3.309096364E0,-1.101827979E0,-3.183124363E-1,2.322416306E0,2.590167021E0
3.314116885E0,-4.790434837E-1,-5.253497362E-1,2.592433929E0,2.688157117E0
3.319137406E0,1.169137955E-1,-4.558628500E-1,2.872626305E0,2.910921102E0
3.324157927E0,6.005076766E-1,-2.740290165E-1,3.230076790E0,3.296831424E0
3.329178448E0,9.161468744E-1,8.100247383E-2,3.936916351E0,4.042919348E0
3.334198969E0,1.052812099E0,5.604398251E-1,4.738453865E0,4.886251236E0
3.339219489E0,1.082023144E0,1.077774763E0,5.165288925E0,5.386332909E0
3.344240010E0,9.781631827E-1,1.662194133E0,5.265460014E0,5.607562903E0
3.349260531E0,6.827845573E-1,2.262032509E0,5.287813187E0,5.791714264E0
3.354281052E0,3.122726679E-1,2.763941288E0,5.199089050E0,5.896389795E0
3.359301573E0,-2.063357830E-2,3.074465752E0,5.343968391E0,6.165286982E0
3.364322094E0,-2.243590355E-1,3.305849791E0,6.013780594E0,6.866187941E0
3.369342614E0,-3.224101067E-1,3.598481417E0,6.863517761E0,7.756345328E0
3.374363135E0,-3.239556551E-1,4.116214752E0,7.467418671E0,8.532907638E0
3.379383656E0,-1.480723619E-1,4.811848640E0,7.443931580E0,8.864983369E0
3.384404177E0,2.316969633E-1,5.460435867E0,7.206159592E0,9.044267765E0
3.389424698E0,6.944747567E-1,5.942198753E0,7.591644287E0,9.665665223E0
3.394445219E0,1.041275620E0,6.323343754E0,8.608745575E0,1.073216807E1
3.399465739E0,1.215420604E0,6.640793800E0,9.433715820E0,1.160053377E1
3.404486260E0,1.220304251E0,6.892857075E0,9.775074005E0,1.202300682E1
3.409506781E0,1.044469118E0,7.087617874E0,1.022142792E1,1.248210045E1
3.414527302E0,7.031016350E-1,7.223170757E0,1.082948399E1,1.303634424E1
3.419547823E0,2.087204456E-1,7.422096729E0,1.093411541E1,1.321688178E1
3.424568344E0,-2.778193951E-1,7.749807835E0,1.032126808E1,1.290989078E1
3.429588864E0,-8.383206129E-1,8.138112068E0,9.461126328E0,1.250778001E1
3.434609385E0,-1.438401699E0,8.557560921E0,8.722303391E0,1.230363462E1
3.439629906E0,-1.983511925E0,8.864619255E0,8.075762749E0,1.215457684E1
3.444650427E0,-2.527069569E0,9.016645432E0,7.344345093E0,1.190064621E1
3.449670948E0,-3.098124981E0,9.052661896E0,6.633313179E0,1.164259033E1
3.454691469E0,-3.692711353E0,9.130967140E0,6.114645958E0,1.159308299E1
3.459711989E0,-4.063020229E0,9.342712402E0,5.749698639E0,1.169843762E1
3.464732510E0,-4.070384502E0,9.797716141E0,5.581349373E0,1.198810796E1
3.469753031E0,-3.808942318E0,1.053872490E1,5.647897720E0,1.254876539E1
3.474773552E0,-3.492543936E0,1.150282669E1,5.939767838E0,1.340871832E1
3.479794073E0,-3.275392771E0,1.254640293E1,6.427836418E0,1.447264680E1
3.484814594E0,-3.166316032E0,1.344924068E1,7.125578880E0,1.554610905E1
3.489835114E0,-3.104088783E0,1.422579288E1,7.497064590E0,1.637725642E1
3.494855635E0,-3.032497406E0,1.477137947E1,7.548180580E0,1.686311721E1
3.499876156E0,-2.847714901E0,1.500054836E1,7.566924095E0,1.704066523E1
3.504896677E0,-2.466228008E0,1.498645878E1,7.763374329E0,1.705714537E1
3.509917198E0,-1.744635820E0,1.476408005E1,7.878304482E0,1.682526360E1
3.514937719E0,-6.681412458E-1,1.433531666E1,7.872831345E0,1.636854269E1
3.519958239E0,4.576796293E-1,1.378373528E1,7.641106606E0,1.576665275E1
3.524978760E0,1.327220321E0,1.308728886E1,7.063019753E0,1.493066949E1
3.529999281E0,1.903340697E0,1.217577648E1,6.238722801E0,1.381281655E1
3.535019802E0,2.139302969E0,1.118025303E1,5.230814934E0,1.252741393E1
3.540040323E0,2.034711599E0,1.007810307E1,4.490430832E0,1.121927724E1
3.545060844E0,1.835782886E0,8.741010666E0,4.348789215E0,9.934149883E0
3.550081364E0,1.819932461E0,7.136374950E0,4.299307823E0,8.527839665E0
3.555101885E0,1.903690934E0,5.206604004E0,2.751107216E0,6.188808879E0
3.560122406E0,1.948844433E0,3.361598015E0,2.771409988E0,4.772740215E0
3.565142927E0,1.728687406E0,2.522999763E0,6.412148476E0,7.104191441E0
3.570163448E0,3.683458567E-1,2.535014391E0,1.406661320E1,1.429795732E1
3.575183969E0,-2.788481712E-1,2.921489716E0,7.920907974E0,8.447108476E0
3.580204489E0,8.846667409E-1,1.808063269E0,-5.886647701E0,6.221281957E0
3.585225010E0,9.516205788E-1,-1.548972726E-1,-1.051465034E1,1.055876161E1
3.590245531E0,6.262105703E-1,-8.077962399E-1,-1.084935951E1,1.089739768E1
3.595266052E0,3.966256976E-1,-7.986936569E-1,-1.087506771E1,1.091156823E1
3.600286573E0,2.482080460E-1,-7.069849968E-1,-1.089343929E1,1.091917830E1
3.605307094E0,9.964746237E-2,-6.283683777E-1,-1.087096977E1,1.088957117E1
3.610327614E0,-4.434725642E-2,-5.439800024E-1,-1.083634758E1,1.085008340E1
3.615348135E0,-1.932963431E-1,-4.585540891E-1,-1.084214783E1,1.085356185E1
3.620368656E0,-3.374871612E-1,-3.531389236E-1,-1.079262829E1,1.080367669E1
3.625389177E0,-4.769235551E-1,-2.755813599E-1,-1.079302979E1,1.080707607E1
3.630409698E0,-6.068410873E-1,-1.829226613E-1,-1.075238800E1,1.077105215E1
3.635430219E0,-7.558368444E-1,-8.965035528E-2,-1.070419693E1,1.073122353E1
3.640450739E0,-8.902535439E-1,-1.022399962E-2,-1.071060658E1,1.074754619E1
3.645471260E0,-1.029186726E0,8.883658051E-2,-1.066153622E1,1.071146450E1
3.650491781E0,-1.177470684E0,1.786434352E-1,-1.060963345E1,1.067626679E1
3.655512302E0,-1.320641279E0,2.785415053E-1,-1.058357239E1,1.066928691E1
3.660532823E0,-1.458814025E0,3.691152632E-1,-1.053546429E1,1.064238658E1
3.665553344E0,-1.601449251E0,4.647125304E-1,-1.050836182E1,1.063984330E1
3.670573864E0,-1.743646264E0,5.510316491E-1,-1.046396542E1,1.062254727E1
3.675594385E0,-1.885356069E0,6.470767856E-1,-1.042141342E1,1.061033145E1
3.680614906E0,-2.016902685E0,7.384843826E-1,-1.037591648E1,1.059589064E1
3.685635427E0,-2.152684212E0,8.443503976E-1,-1.030354309E1,1.055982846E1
3.690655948E0,-2.282984972E0,9.405869246E-1,-1.025216579E1,1.054531306E1
3.695676469E0,-2.412538290E0,1.031920910E0,-1.017871952E1,1.051149527E1
3.700696989E0,-2.560407162E0,1.118420720E0,-1.010235405E1,1.048160804E1
3.705717510E0,-2.697714090E0,1.214424729E0,-1.005178642E1,1.047811524E1
3.710738031E0,-2.843650103E0,1.324687123E0,-9.974354744E0,1.045604583E1
3.715758552E0,-2.964666843E0,1.420288920E0,-9.908380508E0,1.043946715E1
3.720779073E0,-3.098995686E0,1.510903835E0,-9.844274521E0,1.043054867E1
3.725799594E0,-3.232131481E0,1.596543312E0,-9.758149147E0,1.040274479E1
3.730820114E0,-3.359282970E0,1.701071143E0,-9.673944473E0,1.038092610E1
3.735840635E0,-3.490008354E0,1.781273603E0,-9.582113266E0,1.035229388E1
3.740861156E0,-3.614574432E0,1.870710135E0,-9.497048378E0,1.033240691E1
3.745881677E0,-3.747351170E0,1.969366074E0,-9.409159660E0,1.031762226E1
3.750902198E0,-3.864391327E0,2.062707186E0,-9.313708305E0,1.029239737E1
3.755922719E0,-3.989437819E0,2.169980526E0,-9.225090981E0,1.028235057E1
3.760943239E0,-4.103384495E0,2.252675533E0,-9.128990173E0,1.025917994E1
3.765963760E0,-4.220492840E0,2.339646578E0,-9.015859604E0,1.022605644E1
3.770984281E0,-4.340754032E0,2.421308279E0,-8.919194221E0,1.021062706E1
3.776004802E0,-4.454489231E0,2.511880875E0,-8.805583000E0,1.018284399E1
3.781025323E0,-4.561667442E0,2.596993685E0,-8.708544731E0,1.016818260E1
3.786045844E0,-4.686146736E0,2.681394339E0,-8.613754272E0,1.016595345E1
3.791066364E0,-4.789574146E0,2.769924641E0,-8.506881714E0,1.014788350E1
3.796086885E0,-4.895899773E0,2.857773542E0,-8.392723083E0,1.012790723E1
3.801107406E0,-5.000308514E0,2.944723606E0,-8.266598701E0,1.010005626E1
3.806127927E0,-5.107604980E0,3.030864239E0,-8.133260727E0,1.007093326E1
3.811148448E0,-5.203439236E0,3.120969534E0,-8.016626358E0,1.005398075E1
3.816168969E0,-5.311689854E0,3.195845366E0,-7.888025284E0,1.003236859E1
3.821189489E0,-5.413252831E0,3.279417276E0,-7.757000923E0,1.001144082E1
3.826210010E0,-5.508084774E0,3.371657133E0,-7.637930870E0,1.000225263E1
3.831230531E0,-5.596180439E0,3.448488474E0,-7.521301270E0,9.988957956E0
3.836251052E0,-5.691885471E0,3.514793634E0,-7.397498131E0,9.973681021E0
3.841271573E0,-5.790450573E0,3.589645386E0,-7.256946087E0,9.953800196E0
3.846292094E0,-5.887091637E0,3.673001766E0,-7.118782043E0,9.941119036E0
3.851312614E0,-5.972115517E0,3.755290508E0,-6.973516941E0,9.919592183E0
3.856333135E0,-6.069428444E0,3.841203928E0,-6.821200848E0,9.905634268E0
3.861353656E0,-6.145518780E0,3.906882048E0,-6.690494061E0,9.889076761E0
3.866374177E0,-6.229130745E0,3.990619421E0,-6.552608967E0,9.882499556E0
3.871394698E0,-6.325004578E0,4.058763504E0,-6.402854919E0,9.872983096E0
3.876415219E0,-6.404318810E0,4.125660896E0,-6.255681515E0,9.857480837E0
3.881435739E0,-6.471879482E0,4.201021194E0,-6.125287056E0,9.851545291E0
3.886456260E0,-6.556374550E0,4.270364761E0,-5.983009815E0,9.849795373E0
3.891476781E0,-6.614676476E0,4.333736897E0,-5.833632469E0,9.826824927E0
3.896497302E0,-6.680176735E0,4.405379772E0,-5.677326679E0,9.811430598E0
3.901517823E0,-6.757667542E0,4.470939636E0,-5.518803596E0,9.803701595E0
3.906538344E0,-6.832696915E0,4.535160065E0,-5.377280235E0,9.806557330E0
3.911558864E0,-6.895694733E0,4.593355656E0,-5.214335442E0,9.789730135E0
3.916579385E0,-6.965706348E0,4.654992580E0,-5.063620090E0,9.789293605E0
3.921599906E0,-7.023576260E0,4.720020294E0,-4.905980110E0,9.781505809E0
3.926620427E0,-7.078862667E0,4.778903484E0,-4.760458469E0,9.778045818E0
3.931640948E0,-7.141009331E0,4.836389542E0,-4.593693733E0,9.771729641E0
3.936661469E0,-7.176499844E0,4.897294521E0,-4.424749374E0,9.750079521E0
3.941681989E0,-7.237873077E0,4.952017784E0,-4.239362240E0,9.740712449E0
3.946702510E0,-7.272509098E0,5.010046005E0,-4.075756073E0,9.726342433E0
3.951723031E0,-7.304203510E0,5.057083607E0,-3.900479555E0,9.702537003E0
3.956743552E0,-7.361641884E0,5.107405663E0,-3.727880001E0,9.704455324E0
3.961764073E0,-7.406482697E0,5.170536518E0,-3.557929039E0,9.708207500E0
3.966784594E0,-7.452939987E0,5.217808723E0,-3.376330853E0,9.704197667E0
3.971805114E0,-7.472255707E0,5.253950119E0,-3.187940121E0,9.674789890E0
3.976825635E0,-7.507474422E0,5.302834511E0,-3.007045031E0,9.670808956E0
3.981846156E0,-7.529822350E0,5.359639645E0,-2.819205284E0,9.662912613E0
3.986866677E0,-7.563088894E0,5.395683765E0,-2.653138638E0,9.661928459E0
3.991887198E0,-7.583252430E0,5.449172497E0,-2.489796162E0,9.664278723E0
3.996907719E0,-7.594964981E0,5.491446972E0,-2.305198193E0,9.651602023E0
4.001928239E0,-7.602904320E0,5.527255058E0,-2.113793373E0,9.634460286E0
4.006948760E0,-7.611782551E0,5.561273575E0,-1.906156182E0,9.617714321E0
4.011969281E0,-7.611881256E0,5.598313332E0,-1.730136395E0,9.605999186E0
4.016989802E0,-7.617441654E0,5.633509159E0,-1.538120031E0,9.598315270E0
4.022010323E0,-7.628334999E0,5.647737980E0,-1.344391346E0,9.586231128E0
4.027030844E0,-7.615808487E0,5.679148197E0,-1.139549255E0,9.568272345E0
4.032051364E0,-7.603567123E0,5.708695889E0,-9.333479404E-1,9.553773083E0
4.037071885E0,-7.577249527E0,5.731437206E0,-7.402478456E-1,9.529535651E0
4.042092406E0,-7.565423965E0,5.756931305E0,-5.220188498E-1,9.521050441E0
4.047112927E0,-7.539211273E0,5.770855904E0,-3.028667569E-1,9.499169056E0
4.052133448E0,-7.493785858E0,5.782706261E0,-9.726732969E-2,9.466043478E0
4.057153969E0,-7.467301369E0,5.797261715E0,1.138707101E-1,9.454194818E0
4.062174489E0,-7.435674667E0,5.814558029E0,3.350143731E-1,9.445135122E0
4.067195010E0,-7.398911953E0,5.829655647E0,5.660837889E-1,9.436590163E0
4.072215531E0,-7.356853485E0,5.837801933E0,7.735844851E-1,9.423463141E0
4.077236052E0,-7.238564968E0,5.807096958E0,9.694570303E-1,9.330543650E0
4.082256573E0,-7.135127544E0,5.769554138E0,1.148118258E0,9.247484824E0
4.087277094E0,-7.027362823E0,5.739498138E0,1.323867202E0,9.169421547E0
4.092297614E0,-6.915259838E0,5.693180084E0,1.491727114E0,9.080659000E0
4.097318135E0,-6.798962116E0,5.649589062E0,1.661106706E0,8.994610493E0
4.102338656E0,-6.668849468E0,5.613506794E0,1.841585517E0,8.909346159E0
4.107359177E0,-6.539243698E0,5.580080986E0,1.990283012E0,8.823844878E0
4.112379698E0,-6.414930344E0,5.535040379E0,2.102365017E0,8.729716030E0
4.117400219E0,-6.291049957E0,5.487956524E0,2.220811605E0,8.638690905E0
4.122420739E0,-6.125032425E0,5.429212570E0,2.340501785E0,8.512950132E0
4.127441260E0,-5.978816032E0,5.368488789E0,2.451841354E0,8.401097491E0
4.132461781E0,-5.828622818E0,5.310482502E0,2.526098728E0,8.279809366E0
4.137482302E0,-5.665119648E0,5.245478630E0,2.553986311E0,8.132125968E0
4.142502823E0,-5.483826160E0,5.192442894E0,2.521353245E0,7.961848702E0
4.147523344E0,-5.161915779E0,4.884109497E0,6.488177776E-1,7.135885691E0
4.152543864E0,9.967284203E-1,-4.102587223E0,-2.837522125E1,2.868759088E1
4.157564385E0,1.519382000E1,-3.221274567E1,-1.011103134E2,1.071998537E2
4.162584906E0,1.747603226E1,-6.612078857E1,-1.459195862E2,1.611517794E2
4.167605427E0,1.358332729E1,-1.065837860E2,-1.514171295E2,1.856657139E2
4.172625948E0,9.253261566E0,-1.267562332E2,-1.509327545E2,1.973156403E2
4.177646469E0,1.902847672E1,-1.102690964E2,-1.035651703E2,1.524700005E2
4.182666989E0,2.724944687E1,-6.120077133E1,-5.658481216E1,8.769211900E1
4.187687510E0,2.369517708E1,-7.787713051E0,-1.252891731E1,2.791207016E1
4.192708031E0,1.361601639E1,2.491810799E1,1.195225239E0,2.842070673E1
4.197728552E0,4.221814632E0,3.258027267E1,-5.360954762E0,3.328720058E1
4.202749073E0,-3.465389490E0,2.884633446E1,-9.442314148E0,3.054958645E1
4.207769594E0,-8.234333038E0,2.315423965E1,-8.808113098E0,2.610566818E1
4.212790114E0,-1.028380966E1,1.788326073E1,-4.924600124E0,2.120894721E1
4.217810635E0,-1.026704597E1,1.288987732E1,-1.102530956E0,1.651595425E1
4.222831156E0,-9.743387222E0,9.447453499E0,2.067795753E0,1.372821006E1
4.227851677E0,-9.049667358E0,6.889094830E0,3.947906017E0,1.203918888E1
4.232872198E0,-8.346313477E0,4.746393204E0,4.716358662E0,1.069734715E1
4.237892719E0,-7.753255367E0,3.059652328E0,5.213207245E0,9.831173426E0
4.242913239E0,-7.395059586E0,2.047857046E0,5.219635487E0,9.280367416E0
4.247933760E0,-7.191767216E0,1.726267099E0,4.895054340E0,8.869220416E0
4.252954281E0,-7.099789619E0,1.768138647E0,4.376318932E0,8.525578825E0
4.257974802E0,-7.076268673E0,1.895170689E0,3.742045403E0,8.226065528E0
4.262995323E0,-6.997210503E0,1.987484694E0,3.290639877E0,7.983693445E0
4.268015844E0,-6.806132317E0,2.025609255E0,2.812628984E0,7.637893150E0
4.273036364E0,-6.666594505E0,2.085803986E0,2.376164198E0,7.378361394E0
4.278056885E0,-6.526803970E0,2.134321213E0,2.001242161E0,7.152584658E0
4.283077406E0,-6.363623619E0,2.171326399E0,1.544864178E0,6.899055676E0
4.288097927E0,-6.144475937E0,2.172679901E0,1.179746389E0,6.623211006E0
4.293118448E0,-5.789062023E0,2.104748249E0,8.668538332E-1,6.220501577E0
4.298138969E0,-5.016524315E0,1.784922838E0,5.657243729E-1,5.354578397E0
4.303159489E0,-3.589515209E0,1.082160473E0,3.828065395E-1,3.768584824E0
4.308180010E0,-1.906637669E0,4.168701172E-2,2.166924179E-1,1.919364637E0
4.313200531E0,-7.996792793E-1,-1.023027658E0,9.578436613E-2,1.302016584E0
4.318221052E0,-6.095247269E-1,-1.834941626E0,-1.630130410E-1,1.940387697E0
4.323241573E0,-9.682884216E-1,-2.331390619E0,-5.851778984E-1,2.591408470E0
4.328262094E0,-1.508858204E0,-2.468512774E0,-9.845301509E-1,3.056060865E0
4.333282614E0,-2.108848095E0,-2.317253590E0,-1.395593166E0,3.429954048E0
4.338303135E0,-2.823152542E0,-1.877063274E0,-1.815639019E0,3.845790148E0
4.343323656E0,-3.778218508E0,-1.151995897E0,-2.246980906E0,4.544331945E0
4.348344177E0,-4.856485367E0,-2.508146763E-1,-2.777338266E0,5.600175530E0
4.353364698E0,-5.907631397E0,6.603918076E-1,-3.350172758E0,6.823480312E0
4.358385219E0,-6.806178570E0,1.525969028E0,-3.951282263E0,8.016562837E0
4.363405739E0,-7.518413544E0,2.270961285E0,-4.547337532E0,9.075355971E0
4.368426260E0,-8.020544052E0,2.882301807E0,-5.072145462E0,9.917834955E0
4.373446781E0,-8.308467865E0,3.322665691E0,-5.579278946E0,1.054509835E1
4.378467302E0,-8.425966263E0,3.636194229E0,-6.017285824E0,1.097390289E1
4.383487823E0,-8.369691849E0,3.861592770E0,-6.392135620E0,1.121708688E1
4.388508344E0,-8.074478149E0,3.975039482E0,-6.762579918E0,1.125746967E1
4.393528864E0,-7.629109383E0,3.991176844E0,-7.057954788E0,1.113317243E1
4.398549385E0,-7.136844635E0,3.934235096E0,-7.361014366E0,1.098167973E1
4.403569906E0,-6.639389992E0,3.781004429E0,-7.606173515E0,1.078106532E1
4.408590427E0,-6.140050411E0,3.570111752E0,-7.723737717E0,1.049295198E1
4.413610948E0,-5.589823246E0,3.325986385E0,-7.859536171E0,1.020199089E1
4.418631469E0,-4.956095695E0,3.044986486E0,-7.968049049E0,9.865324774E0
4.423651989E0,-4.514756680E0,2.799204826E0,-6.895439148E0,8.704346993E0
4.428672510E0,-6.564364910E0,3.309546232E0,1.013376904E1,1.251947514E1
4.433693031E0,-1.743529892E1,6.160881519E0,5.265871811E1,5.581117005E1
4.438713552E0,-2.783083153E1,4.151784420E0,7.715878296E1,8.212959445E1
4.443734073E0,-3.089554977E1,-2.343959808E0,7.239655304E1,7.874827005E1
4.448754594E0,-2.745298386E1,-7.885997772E0,5.170005035E1,5.906564560E1
4.453775114E0,-2.179274940E1,-9.035777092E0,2.785297012E1,3.650146763E1
4.458795635E0,-1.345950890E1,-4.495648384E0,-1.124354362E0,1.423493614E1
4.463816156E0,-2.481049299E0,4.014879704E0,-2.691416359E1,2.732484339E1
4.468836677E0,3.747177601E0,1.275813293E1,-2.690226746E1,3.000905347E1
4.473857198E0,2.870476961E0,1.416766644E1,-1.346061707E1,1.975223081E1
4.478877719E0,1.205075860E0,9.346181870E0,-5.648933411E0,1.098698194E1
4.483898239E0,-1.694444120E-1,5.383559704E0,-3.641588688E0,6.501737819E0
4.488918760E0,-1.003048182E0,3.223552465E0,-3.880809307E0,5.143741540E0
4.493939281E0,-1.283525467E0,2.009136677E0,-4.205763817E0,4.834513119E0
4.498959802E0,-9.198629260E-1,5.909104943E-1,-3.721500874E0,3.878774519E0
4.503980323E0,-1.705649197E-1,-1.169816732E0,-1.760051250E0,2.120222626E0
4.509000844E0,3.361310661E-1,-2.163863659E0,7.805690765E-1,2.324774852E0
4.514021364E0,5.656083822E-1,-2.473746538E0,2.586850166E0,3.623689909E0
4.519041885E0,7.354796529E-1,-2.524955034E0,3.246501923E0,4.178050141E0
4.524062406E0,6.888486147E-1,-2.296947002E0,2.650101662E0,3.574005703E0
4.529082927E0,4.328325391E-1,-1.846651316E0,1.392313957E0,2.352871277E0
4.534103448E0,1.411137879E-1,-1.354722500E0,1.343555450E-1,1.368662692E0
4.539123969E0,-1.079846770E-1,-7.919591069E-1,-6.403818130E-1,1.024182007E0
4.544144489E0,-2.168610096E-1,-3.319584727E-1,-6.980724335E-1,8.028264118E-1
4.549165010E0,-2.643652856E-1,-6.342637539E-2,-3.123226166E-1,4.140740588E-1
4.554185531E0,-3.428005576E-1,4.358172417E-2,3.918132782E-1,5.224262952E-1
4.559206052E0,-5.056300759E-1,-2.928084135E-2,1.327874184E0,1.421185769E0
4.564226573E0,-8.053004742E-1,-3.153959513E-1,2.295078278E0,2.452624668E0
4.569247094E0,-1.224838257E0,-7.191061974E-1,3.409111977E0,3.693154065E0
4.574267614E0,-1.714125514E0,-1.102244616E0,4.403488159E0,4.852203359E0
4.579288135E0,-1.974572897E0,-1.578169823E0,4.366673470E0,5.045532212E0
4.584308656E0,-1.647843480E0,-1.980553865E0,3.276782036E0,4.168366858E0
4.589329177E0,-5.920758247E-1,-1.865690231E0,1.774754524E0,2.642178541E0
4.594349698E0,9.420958161E-1,-1.121824384E0,1.028347015E-1,1.468539904E0
4.599370219E0,2.085150003E0,1.124137267E-1,-1.376852989E0,2.501241999E0
4.604390739E0,2.075738430E0,1.627267599E0,-2.421101570E0,3.580282486E0
4.609411260E0,1.236170530E0,2.981124640E0,-3.073412895E0,4.456578118E0
4.614431781E0,4.461593032E-1,3.494604349E0,-3.539715290E0,4.994086705E0
4.619452302E0,-3.655785322E-2,2.881156921E0,-3.853467464E0,4.811612327E0
4.624472823E0,-3.750438690E-1,1.954463720E0,-3.536242962E0,4.057782723E0
4.629493344E0,-5.571426749E-1,1.217049003E0,-2.435313702E0,2.778915087E0
4.634513864E0,-3.716089129E-1,5.617890954E-1,-4.554700851E-1,8.131132580E-1
4.639534385E0,-3.728032112E-3,-7.022087276E-2,1.933950424E0,1.935228439E0
4.644554906E0,1.679947674E-1,-6.536482573E-1,3.890861511E0,3.948959557E0
4.649575427E0,8.015251160E-2,-1.145766973E0,5.018734932E0,5.148485865E0
4.654595948E0,-1.532584727E-1,-1.409736633E0,5.150971413E0,5.342597873E0
4.659616469E0,-4.689378738E-1,-1.383209467E0,4.432027817E0,4.666480658E0
4.664636989E0,-7.251739502E-1,-1.078744292E0,3.254988670E0,3.504927638E0
4.669657510E0,-7.210209370E-1,-5.993162394E-1,2.012573242E0,2.220248230E0
4.674678031E0,-6.984646320E-1,-1.055463552E-1,9.296989441E-1,1.167618517E0
4.679698552E0,-6.531141996E-1,1.987953186E-1,5.404758453E-2,6.848349275E-1
4.684719073E0,-4.551338255E-1,1.864649653E-1,-5.285606384E-1,7.220057693E-1
4.689739594E0,-1.413672268E-1,-1.854598522E-3,-7.994956970E-1,8.118999334E-1
4.694760114E0,1.742843091E-1,-1.639647633E-1,-8.024225235E-1,8.373418479E-1
4.699780635E0,4.577177167E-1,-1.786790043E-1,-6.526823044E-1,8.169613731E-1
4.704801156E0,6.195070744E-1,-2.520337701E-2,-4.653635025E-1,7.752337808E-1
4.709821677E0,5.439624786E-1,2.412902862E-1,-2.691707611E-1,6.531225605E-1
4.714842198E0,3.191083968E-1,5.228518844E-1,-7.351303101E-2,6.169347029E-1
4.719862719E0,6.560650468E-2,6.637589335E-1,1.313743591E-1,6.798083241E-1
4.724883239E0,-1.768983901E-1,6.889975667E-1,4.556341171E-1,8.447562583E-1
4.729903760E0,-3.587630093E-1,6.363272667E-1,9.183692932E-1,1.173467275E0
4.734924281E0,-4.197268486E-1,4.991357327E-1,1.481212616E0,1.618424518E0
4.739944802E0,-3.178189397E-1,3.033250272E-1,1.986230850E0,2.034238910E0
4.744965323E0,-2.009669840E-1,9.863328934E-2,2.218231201E0,2.229499028E0
4.749985844E0,-8.706307411E-2,-7.434774935E-2,2.115285873E0,2.118381904E0
4.755006364E0,-6.557229161E-2,-1.690544337E-1,1.706421852E0,1.716028748E0
4.760026885E0,-6.396311522E-2,-1.763520539E-1,1.135443687E0,1.150836085E0
4.765047406E0,-7.221311331E-2,-9.104339778E-2,5.460128784E-1,5.582416120E-1
4.770067927E0,-9.494897723E-2,1.086091995E-2,8.162498474E-2,1.256817648E-1
4.775088448E0,-9.364843369E-2,5.814217776E-2,-2.004880905E-1,2.287925182E-1
4.780108969E0,-5.341446400E-2,7.048004121E-2,-2.957897186E-1,3.087265761E-1
4.785129489E0,7.155090570E-3,2.888534963E-2,-1.614952087E-1,1.642140712E-1
4.790150010E0,7.402616739E-2,2.448499203E-2,1.399240494E-1,1.601815467E-1
4.795170531E0,9.458613396E-2,3.342133760E-2,4.982690811E-1,5.082672523E-1
4.800191052E0,8.744481206E-2,6.085339934E-2,8.082876205E-1,8.152782402E-1
4.805211573E0,2.316659689E-2,9.786580503E-2,1.046177864E0,1.051000728E0
4.810232094E0,-6.542745233E-2,1.354580224E-1,1.154682159E0,1.164440001E0
4.815252614E0,-1.168610454E-1,1.648896784E-1,1.157915115E0,1.175420148E0
4.820273135E0,-1.553829312E-1,1.961741745E-1,1.113415718E0,1.141193552E0
4.825293656E0,-1.712014675E-1,2.103296816E-1,1.002102852E0,1.038151551E0
4.830314177E0,-1.542990506E-1,1.830700636E-1,8.766412735E-1,9.087479120E-1
4.835334698E0,-9.906038642E-2,1.524226815E-1,7.513523102E-1,7.730303539E-1
4.840355219E0,-6.219655275E-2,1.128324494E-1,6.501054764E-1,6.627493517E-1
4.845375739E0,-4.319992661E-2,1.067226678E-1,5.537090302E-1,5.655525188E-1
4.850396260E0,-4.687958956E-2,9.057151526E-2,5.243244171E-1,5.341507181E-1
4.855416781E0,-6.890910864E-2,7.854492217E-2,5.379734039E-1,5.480265992E-1
4.860437302E0,-8.129760623E-2,7.986333221E-2,5.611534119E-1,5.726085960E-1
4.865457823E0,-9.889060259E-2,7.064196467E-2,6.464786530E-1,6.578026202E-1
4.870478344E0,-1.029387712E-1,6.046082824E-2,7.173719406E-1,7.272375152E-1
4.875498864E0,-1.033156514E-1,5.424658954E-2,7.786464691E-1,7.873418191E-1
4.880519385E0,-8.060553670E-2,4.730861634E-2,8.016119003E-1,8.070421281E-1
4.885539906E0,-5.840864778E-2,4.008821398E-2,7.910890579E-1,7.942547026E-1
4.890560427E0,-2.672177553E-2,6.630931050E-2,7.423229218E-1,7.457575331E-1
4.895580948E0,-9.033977985E-3,8.317496628E-2,6.792573929E-1,6.843904540E-1
4.900601469E0,-2.059042454E-4,1.053836048E-1,6.353759766E-1,6.440561918E-1
4.905621989E0,-9.741991758E-3,1.234630123E-1,6.154365540E-1,6.277739830E-1
4.910642510E0,-9.021610022E-3,1.231682077E-1,6.337623596E-1,6.456829913E-1
4.915663031E0,-2.699598670E-2,1.330669522E-1,6.855316162E-1,6.988484771E-1
4.920683552E0,-4.963386059E-2,1.242580786E-1,7.468042374E-1,7.586963551E-1
4.925704073E0,-7.238817215E-2,1.013578326E-1,7.745342255E-1,7.844850057E-1
4.930724594E0,-9.071964025E-2,8.322023600E-2,7.878980637E-1,7.974578481E-1
4.935745114E0,-1.047787070E-1,7.935781777E-2,7.725734711E-1,7.836746831E-1
4.940765635E0,-1.145715714E-1,9.433883429E-2,7.572870255E-1,7.716930086E-1
4.945786156E0,-1.246441901E-1,8.495015651E-2,7.228965759E-1,7.384660877E-1
4.950806677E0,-9.659051895E-2,5.136992782E-2,6.455097198E-1,6.547147442E-1
4.955827198E0,-1.068805754E-1,6.536243111E-2,6.208238602E-1,6.333387483E-1
4.960847719E0,-8.821988106E-2,9.812944382E-2,6.248474121E-1,6.386285490E-1
4.965868239E0,-6.450742483E-2,8.762381971E-2,6.384153366E-1,6.476212502E-1
4.970888760E0,-6.454464793E-2,7.707616687E-2,6.376094818E-1,6.454863270E-1
4.975909281E0,-5.970159173E-2,9.045590460E-2,6.798419952E-1,6.884269672E-1
4.980929802E0,-5.964627862E-2,1.135315299E-1,7.315893173E-1,7.427449199E-1
4.985950323E0,-5.002757907E-2,1.177356094E-1,7.306690216E-1,7.417827522E-1
4.990970844E0,-5.008149147E-2,9.826952219E-2,7.010641098E-1,7.096872134E-1
4.995991364E0,-4.071766138E-2,1.030269563E-1,7.049837112E-1,7.136347208E-1
5.001011885E0,-4.571208358E-2,9.836153686E-2,6.945524216E-1,7.029705917E-1
5.006032406E0,-3.137630224E-2,6.983846426E-2,6.841268539E-1,6.883977308E-1
5.011052927E0,-3.604087234E-2,6.058228761E-2,6.880559921E-1,6.916575788E-1
5.016073448E0,-4.528838396E-2,8.461807668E-2,6.871862411E-1,6.938560273E-1
5.021093969E0,-5.442708731E-2,7.495251298E-2,6.910934448E-1,6.972735019E-1
5.026114489E0,-5.886989832E-2,6.510245055E-2,6.997795105E-1,7.052626158E-1
5.031135010E0,-8.248463273E-2,7.908172160E-2,6.988906860E-1,7.081707593E-1
5.036155531E0,-8.240157366E-2,9.299271554E-2,6.932306290E-1,7.042771964E-1
5.041176052E0,-8.261030912E-2,8.770798147E-2,6.875905991E-1,6.980673213E-1
5.046196573E0,-8.296608925E-2,8.247412741E-2,6.676168442E-1,6.777887608E-1
5.051217094E0,-9.298214316E-2,9.647804499E-2,6.572380066E-1,6.707573998E-1
5.056237614E0,-9.327429533E-2,9.143417329E-2,6.468677521E-1,6.599228674E-1
5.061258135E0,-7.902428508E-2,8.649386466E-2,6.460676193E-1,6.566044433E-1
5.066278656E0,-5.981585383E-2,1.054696515E-1,6.452598572E-1,6.565531715E-1
5.071299177E0,-6.913065910E-2,1.101252884E-1,6.444454193E-1,6.574317650E-1
5.076319698E0,-8.316755295E-2,1.003791988E-1,6.723241806E-1,6.848449673E-1
5.081340219E0,-7.815521955E-2,8.586068451E-2,7.049541473E-1,7.144512897E-1
5.086360739E0,-6.368163228E-2,8.570758998E-2,7.184181213E-1,7.263096711E-1
5.091381260E0,-5.903428793E-2,8.067494631E-2,7.223100662E-1,7.291949848E-1
5.096401781E0,-5.449077487E-2,9.004231542E-2,6.975078583E-1,7.054034842E-1
5.101422302E0,-5.483135581E-2,8.510372043E-2,6.775236130E-1,6.850455218E-1
5.106442823E0,-5.995604396E-2,8.963226527E-2,6.623458862E-1,6.710668694E-1
5.111463344E0,-6.009513140E-2,8.933056146E-2,6.232652664E-1,6.324958232E-1
5.116483864E0,-5.520954728E-2,8.429113030E-2,6.177005768E-1,6.258650744E-1
5.121504385E0,-5.974751711E-2,8.409345150E-2,6.360483170E-1,6.443593220E-1
5.126524906E0,-7.374790311E-2,8.394253254E-2,6.591529846E-1,6.685564741E-1
5.131545427E0,-7.811790705E-2,7.422480732E-2,6.774435043E-1,6.859602255E-1
5.136565948E0,-6.335142255E-2,6.432874501E-2,6.909255981E-1,6.967996644E-1
5.141586469E0,-7.271024585E-2,7.357468456E-2,7.091827393E-1,7.166869412E-1
5.146606989E0,-7.742246985E-2,7.802231610E-2,7.035112381E-1,7.120461943E-1
5.151627510E0,-8.242040873E-2,6.816796958E-2,6.978607178E-1,7.060096156E-1
5.156648031E0,-7.739126682E-2,7.215993851E-2,6.683177948E-1,6.766425495E-1
5.161668552E0,-6.760805845E-2,8.091327548E-2,6.437683105E-1,6.523461086E-1
5.166689073E0,-7.215204835E-2,7.534809411E-2,6.194238663E-1,6.281474186E-1
5.171709594E0,-6.706446409E-2,7.467463613E-2,6.047763824E-1,6.130484617E-1
5.176730114E0,-6.192243099E-2,9.774927795E-2,6.044912338E-1,6.154664577E-1
5.181750635E0,-6.622195244E-2,9.684488177E-2,6.042041779E-1,6.154892092E-1
5.186771156E0,-5.144378543E-2,8.174886554E-2,6.039180756E-1,6.115933143E-1
5.191791677E0,-5.098637938E-2,6.677649170E-2,6.083803177E-1,6.141541514E-1
5.196812198E0,-5.062931776E-2,8.037340641E-2,6.080608368E-1,6.154357753E-1
5.201832719E0,-5.032390356E-2,8.435997367E-2,6.172428131E-1,6.250102325E-1
5.206853239E0,-5.002170801E-2,6.451997906E-2,6.073532104E-1,6.128155687E-1
5.211873760E0,-4.972207546E-2,5.909075215E-2,5.927982330E-1,5.978074497E-1
5.216894281E0,-5.897134542E-2,6.790135801E-2,5.973596573E-1,6.040916935E-1
5.221914802E0,-6.334450841E-2,5.765082315E-2,6.018810272E-1,6.079448290E-1
5.226935323E0,-6.293404102E-2,6.167809665E-2,5.921192169E-1,5.986401659E-1
5.231955844E0,-6.242945790E-2,6.572048366E-2,5.729379654E-1,5.800642476E-1
5.236976364E0,-5.238327384E-2,6.982670724E-2,5.634117126E-1,5.701337864E-1
5.241996885E0,-6.141480803E-2,8.819300681E-2,5.587148666E-1,5.689570171E-1
5.247017406E0,-7.041928172E-2,7.316885144E-2,5.588073730E-1,5.679597136E-1
5.252037927E0,-6.980347633E-2,6.296738237E-2,5.636444092E-1,5.714301677E-1
5.257058448E0,-5.974349380E-2,7.175128162E-2,5.636940002E-1,5.713741833E-1
5.262078969E0,-5.456477404E-2,7.106276602E-2,5.542497635E-1,5.614445935E-1
5.267099489E0,-6.367531419E-2,5.608337373E-2,5.591287613E-1,5.655306023E-1
5.272120010E0,-5.856245756E-2,5.537626147E-2,5.544738770E-1,5.603011440E-1
5.277140531E0,-5.354017019E-2,6.897364557E-2,5.403633118E-1,5.473722886E-1
5.282161052E0,-3.896588087E-2,6.825695932E-2,5.311155319E-1,5.368994884E-1
5.287181573E0,-4.830470681E-2,6.279768050E-2,5.171985626E-1,5.232315420E-1
5.292202094E0,-5.751666427E-2,5.738382787E-2,5.128927231E-1,5.192879892E-1
5.297222614E0,-5.235731602E-2,5.681262910E-2,5.133686066E-1,5.191495830E-1
5.302243135E0,-3.774395585E-2,4.674915597E-2,5.043439865E-1,5.079103725E-1
5.307263656E0,-4.699552059E-2,5.576141179E-2,5.048913956E-1,5.101306061E-1
5.312284177E0,-4.187524319E-2,5.045302212E-2,5.196781158E-1,5.237980408E-1
5.317304698E0,-4.624551535E-2,5.468583852E-2,5.200939178E-1,5.250017829E-1
5.322325219E0,-5.532783270E-2,5.403640121E-2,5.015106201E-1,5.074386700E-1
5.327345739E0,-5.953776836E-2,5.343737453E-2,4.925785065E-1,4.990329487E-1
5.332366260E0,-6.860777736E-2,6.229518354E-2,5.027198792E-1,5.111897827E-1
5.337386781E0,-6.805542111E-2,6.158417463E-2,4.890327454E-1,4.975712783E-1
5.342407302E0,-5.811038613E-2,6.567266583E-2,4.849615097E-1,4.928259144E-1
5.347427823E0,-5.779352784E-2,5.548568442E-2,4.714288712E-1,4.781881780E-1
5.352448344E0,-5.273136497E-2,6.442481279E-2,4.722547531E-1,4.795369696E-1
5.357468864E0,-4.291361570E-2,4.944816232E-2,4.730710983E-1,4.775803212E-1
5.362489385E0,-5.217170715E-2,5.838813633E-2,4.501390457E-1,4.568984810E-1
5.367509906E0,-4.225987196E-2,4.835838079E-2,4.511365891E-1,4.556848162E-1
5.372530427E0,-4.672557116E-2,6.680433452E-2,4.473781586E-1,4.547453297E-1
5.377550948E0,-4.635661840E-2,5.660345405E-2,4.626426697E-1,4.683920654E-1
5.382571469E0,-5.068874359E-2,5.124014243E-2,4.492874146E-1,4.550319569E-1
5.387591989E0,-5.033677816E-2,5.541229993E-2,4.502925873E-1,4.564731409E-1
5.392612562E0,-5.473524332E-2,4.060927033E-2,4.560394287E-1,4.611041317E-1
5.397633135E0,-4.015213251E-2,4.012757540E-2,4.569911957E-1,4.605033865E-1
5.402653708E0,-4.473409057E-2,2.055674046E-2,4.484395981E-1,4.511338954E-1
5.407674281E0,-3.983053565E-2,3.913689405E-2,4.447088242E-1,4.482009665E-1
5.412694854E0,-3.966733813E-2,4.336415976E-2,4.362592697E-1,4.402000664E-1
5.417715427E0,-3.950506449E-2,5.235628784E-2,4.183835983E-1,4.234934077E-1
5.422736000E0,-4.879203439E-2,5.662214383E-2,4.101533890E-1,4.169083020E-1
5.427756573E0,-4.845404625E-2,5.130988359E-2,3.972406387E-1,4.034608083E-1
5.432777146E0,-4.337090254E-2,4.603982344E-2,3.939323425E-1,3.989779330E-1
5.437797719E0,-3.837981820E-2,5.036032945E-2,4.048995972E-1,4.098205180E-1
5.442818291E0,-4.757693410E-2,4.029786587E-2,4.015245438E-1,4.063366116E-1
5.447838864E0,-5.194887519E-2,4.456470534E-2,3.981771469E-1,4.040170033E-1
5.452859437E0,-5.623561144E-2,5.349063501E-2,4.091014862E-1,4.163985087E-1
5.457880010E0,-5.578646064E-2,3.855597228E-2,4.151878357E-1,4.206894711E-1
5.462900583E0,-6.493714452E-2,3.324471414E-2,4.069824219E-1,4.134691469E-1
5.467921156E0,-5.976659060E-2,3.282368183E-2,3.988466263E-1,4.046332546E-1
5.472941729E0,-4.999119043E-2,4.189905152E-2,3.907823563E-1,3.961887172E-1
5.477962302E0,-4.979431629E-2,5.089873448E-2,3.875331879E-1,3.940204650E-1
5.482982875E0,-4.005229473E-2,4.562772065E-2,3.700637817E-1,3.750110369E-1
5.488003448E0,-3.983908892E-2,3.565008938E-2,3.622350693E-1,3.661588826E-1
5.493024021E0,-3.957605362E-2,3.056205809E-2,3.639678955E-1,3.673866252E-1
5.498044594E0,-4.401472211E-2,1.601536572E-2,3.561859131E-1,3.592522684E-1
5.503065166E0,-5.321526527E-2,2.063177526E-2,3.579692841E-1,3.624907488E-1
5.508085739E0,-4.804369807E-2,2.515979484E-2,3.644828796E-1,3.684955654E-1
5.513106312E0,-4.761290550E-2,4.389961064E-2,3.804378510E-1,3.859107708E-1
5.518126833E0,-4.728651047E-2,3.858684376E-2,3.725204468E-1,3.774870089E-1
5.523147354E0,-2.806749940E-2,3.807282820E-2,3.694210052E-1,3.724368455E-1
5.528167875E0,-4.699754715E-2,4.230750352E-2,3.521013260E-1,3.577345916E-1
5.533188396E0,-4.202696681E-2,4.176034778E-2,3.396749496E-1,3.448032250E-1
5.538208916E0,-3.235021234E-2,5.071066320E-2,3.368492126E-1,3.421775850E-1
5.543229437E0,-4.649662971E-2,5.488788337E-2,3.245506287E-1,3.324270249E-1
5.548249958E0,-3.683274984E-2,3.053925186E-2,3.266019821E-1,3.300880975E-1
5.553270479E0,-3.184694052E-2,3.968707472E-2,3.238821030E-1,3.278550109E-1
5.558291000E0,-4.099836946E-2,3.456121311E-2,3.116827011E-1,3.162616795E-1
5.563311521E0,-4.527446628E-2,3.892696649E-2,3.280735016E-1,3.334626043E-1
5.568332041E0,-4.956540465E-2,4.330443218E-2,3.395814896E-1,3.459011293E-1
5.573352562E0,-4.912179708E-2,2.385478467E-2,3.367500305E-1,3.411489187E-1
5.578373083E0,-5.353105068E-2,3.305619583E-2,3.339452744E-1,3.398201462E-1
5.583393604E0,-4.850769043E-2,3.257959709E-2,3.121728897E-1,3.175946146E-1
5.588414125E0,-3.877696395E-2,3.685941547E-2,3.095760345E-1,3.141649099E-1
5.593434646E0,-4.347279668E-2,3.160850331E-2,3.117542267E-1,3.163537251E-1
5.598455166E0,-5.277848244E-2,3.589431942E-2,3.091621399E-1,3.156821172E-1
5.603475687E0,-4.306247830E-2,3.074977919E-2,3.018445969E-1,3.064475267E-1
5.608496208E0,-1.903170347E-2,2.564609051E-2,2.850856781E-1,2.868689101E-1
5.613516729E0,-1.889348030E-2,2.058491856E-2,3.017044067E-1,3.029954645E-1
5.618537250E0,-2.825379372E-2,2.975915745E-2,2.944421768E-1,2.972878736E-1
5.623557771E0,-3.758558631E-2,1.986689121E-2,2.919902802E-1,2.950689637E-1
5.628578291E0,-1.824808121E-2,2.900075540E-2,3.085479736E-1,3.104446622E-1
5.633598812E0,-3.771096468E-3,5.219740793E-2,3.534555435E-1,3.573088465E-1
5.638619333E0,-2.755361795E-2,7.510005683E-2,3.410129547E-1,3.502699754E-1
5.643639854E0,-3.229376674E-2,7.427646965E-2,2.574539185E-1,2.698933149E-1
5.648660375E0,-2.749779820E-2,8.340769261E-2,1.935882568E-1,2.125779511E-1
5.653680896E0,5.950480700E-3,1.167087704E-1,1.539936066E-1,1.933141903E-1
5.658701416E0,1.484453678E-3,1.455881000E-1,9.572601318E-2,1.742457117E-1
5.663721937E0,-1.663631201E-2,1.320422888E-1,6.641674042E-2,1.487384157E-1
5.668742458E0,8.886873722E-3,4.329402745E-2,6.581878662E-2,7.928090571E-2
5.673762979E0,-3.035932779E-3,-1.528695226E-3,5.570316315E-2,5.580677541E-2
5.678783500E0,-4.734337330E-2,-3.617852181E-2,8.363437653E-2,1.026887987E-1
5.683804021E0,-7.188320160E-2,-7.043273747E-2,1.540584564E-1,1.840162307E-1
5.688824541E0,-1.056133807E-1,-6.656029820E-2,2.571315765E-1,2.858340552E-1
5.693845062E0,-1.298663914E-1,-8.706462383E-2,3.783493042E-1,4.093821251E-1
5.698865583E0,-1.448721886E-1,-1.271957457E-1,4.748258591E-1,5.124707847E-1
5.703886104E0,-1.084272861E-1,-1.680057347E-1,5.515289307E-1,5.866571099E-1
5.708906625E0,-7.824584842E-2,-1.289165020E-1,5.896377563E-1,6.086169247E-1
5.713927146E0,-8.306872845E-2,-1.998377591E-2,5.989818573E-1,6.050446515E-1
5.718947666E0,-6.077533960E-2,2.544961870E-2,5.465612411E-1,5.505184060E-1
5.723968187E0,-3.472906351E-2,3.200824186E-2,4.281244278E-1,4.307216747E-1
5.728988708E0,-2.344962955E-2,4.305747524E-2,2.964391708E-1,3.004663264E-1
5.734009229E0,6.981343031E-3,8.280631155E-2,1.943387985E-1,2.113603392E-1
5.739029750E0,4.246351123E-2,1.130822599E-1,1.453065872E-1,1.889570099E-1
5.744050271E0,5.011951923E-2,1.198687926E-1,1.298904419E-1,1.837172298E-1
5.749070791E0,3.508260846E-2,1.131155118E-1,1.193170547E-1,1.681144491E-1
5.754091312E0,2.582907677E-2,1.023236439E-1,1.467914581E-1,1.807899374E-1
5.759111833E0,1.731124520E-2,9.223253280E-2,2.025079727E-1,2.231949783E-1
5.764132354E0,-5.229473114E-3,9.207485616E-2,2.530088425E-1,2.692927791E-1
5.769152875E0,-2.783474326E-2,7.317958772E-2,2.983512878E-1,3.084534259E-1
5.774173396E0,-4.126098752E-2,6.398774683E-2,3.053464890E-1,3.146956929E-1
5.779193916E0,-3.618875146E-2,5.007362366E-2,2.933120728E-1,2.997481702E-1
5.784214437E0,-3.605926037E-2,3.622502834E-2,2.386465073E-1,2.440587601E-1
5.789234958E0,-2.653521299E-2,2.234002948E-2,1.606969833E-1,1.643980380E-1
5.794255479E0,-2.158614993E-2,1.321612298E-2,1.023807526E-1,1.054630090E-1
5.799276000E0,-1.617205143E-2,9.066939354E-3,7.777309418E-2,7.995247848E-2
5.804296521E0,-1.039680839E-2,2.076551318E-4,7.234859467E-2,7.309210556E-2
5.809317041E0,-8.962452412E-3,-3.679074347E-3,1.001939774E-1,1.006612847E-1
5.814337562E0,-3.097876906E-2,-7.433794439E-3,1.420421600E-1,1.455710159E-1
5.819358083E0,-3.371605277E-2,-2.535187453E-2,1.882877350E-1,1.929553340E-1
5.824378604E0,-3.183296323E-2,-4.306603968E-2,2.389030457E-1,2.448319557E-1
5.829399125E0,-3.496775031E-2,-3.214316815E-2,2.701120377E-1,2.742561571E-1
5.834419646E0,-5.267575383E-2,-3.090585023E-2,2.915763855E-1,2.979038355E-1
5.839440166E0,-5.634605885E-2,-2.968038619E-2,2.938804626E-1,3.007017293E-1
5.844460687E0,-7.453602552E-2,-4.766367376E-2,2.819299698E-1,2.954859603E-1
5.849481208E0,-5.948624015E-2,-2.290906757E-2,2.653341293E-1,2.728839283E-1
5.854501729E0,-5.426144600E-2,-8.109658957E-3,2.536296844E-1,2.594958341E-1
5.859522250E0,-4.433211684E-2,-3.084644675E-3,2.372732162E-1,2.413989038E-1
5.864542771E0,-4.403290153E-2,-7.749058306E-3,2.020597458E-1,2.069470589E-1
5.869563291E0,-3.893688321E-2,-1.717388630E-2,1.861314774E-1,1.909344131E-1
5.874583812E0,-4.322883487E-2,1.146424562E-2,1.798267365E-1,1.853046579E-1
5.879604333E0,-4.273605347E-2,3.041933849E-2,1.783246994E-1,1.858800819E-1
5.884624854E0,-5.174481869E-2,6.529018283E-3,1.815834045E-1,1.889250834E-1
5.889645375E0,-3.208532929E-2,-7.612563670E-3,1.800632477E-1,1.830578942E-1
5.894665896E0,-4.097893834E-2,7.007256150E-3,1.833028793E-1,1.879582948E-1
5.899686416E0,-2.135828137E-2,1.680766046E-2,1.865167618E-1,1.884865408E-1
5.904706937E0,-2.084422112E-2,2.662816644E-2,1.944522858E-1,1.973707989E-1
5.909727458E0,-1.553544402E-2,-1.673720777E-3,1.880741119E-1,1.887220786E-1
5.914747979E0,-1.032221317E-2,8.246548474E-3,1.770019531E-1,1.774943522E-1
5.919768500E0,1.379165053E-2,1.818951964E-2,1.707735062E-1,1.722923639E-1
5.924789021E0,-4.981398582E-3,2.329944074E-2,1.645956039E-1,1.663111274E-1
5.929809541E0,-4.655867815E-3,2.846513689E-2,1.489744186E-1,1.517409587E-1
5.934830062E0,-4.230737686E-3,4.788604006E-2,1.287326813E-1,1.374157022E-1
5.939850583E0,-3.759652376E-3,3.854709119E-2,1.229019165E-1,1.288599795E-1
5.944871104E0,-1.268711686E-2,2.459020913E-2,1.313619614E-1,1.342445761E-1
5.949891625E0,-7.141858339E-3,2.019581199E-2,1.444940567E-1,1.460733014E-1
5.954912146E0,-3.952887654E-2,-8.057169616E-3,1.622600555E-1,1.671998077E-1
5.959932666E0,-5.760365725E-2,-2.935253084E-3,2.178726196E-1,2.253780722E-1
5.964953187E0,-6.613263488E-2,-2.757281065E-3,2.397842407E-1,2.487521057E-1
5.969973708E0,-7.484421134E-2,-7.580555975E-3,2.852621078E-1,2.950145606E-1
5.974994229E0,-7.919237018E-2,-7.917523384E-3,3.161277771E-1,3.259921627E-1
5.980014750E0,-8.861023188E-2,-1.805643737E-2,3.325004578E-1,3.445785288E-1
5.985035271E0,-7.461482286E-2,-2.371782809E-2,3.155078888E-1,3.250771217E-1
5.990055791E0,-8.478486538E-2,-2.014142275E-2,2.986640930E-1,3.111179692E-1
5.995076312E0,-6.183511019E-2,-1.194871217E-2,2.582244873E-1,2.657936012E-1
6.000096833E0,-4.397809505E-2,-8.724488318E-3,2.323713303E-1,2.366571881E-1
6.005117354E0,-3.112033010E-2,8.668765426E-3,2.114858627E-1,2.139389926E-1
6.010137875E0,-1.831945777E-2,2.116652578E-2,1.812772751E-1,1.834259382E-1
6.015158396E0,-8.259713650E-4,1.466801018E-2,1.465702057E-1,1.473046433E-1
6.020178916E0,2.377748489E-3,1.787191629E-2,1.263961792E-1,1.276755779E-1
6.025199437E0,2.005633712E-2,2.585209906E-2,1.253767014E-1,1.295758655E-1
6.030219958E0,1.895061135E-2,2.442011237E-2,1.243543625E-1,1.281384994E-1
6.035240479E0,3.220164776E-2,3.249693289E-2,1.328353882E-1,1.404928365E-1
6.040261000E0,2.159890532E-2,2.155980468E-2,1.364965439E-1,1.398665234E-1
6.045281521E0,1.587361097E-3,1.076478511E-2,1.353797913E-1,1.358163768E-1
6.050302041E0,-1.345708966E-2,-4.531979561E-3,1.200265884E-1,1.208636175E-1
6.055322562E0,-4.684865475E-3,-1.015325636E-2,1.143007278E-1,1.148463886E-1
6.060343083E0,-1.023206115E-2,3.160357475E-3,1.513576508E-1,1.517360253E-1
6.065363604E0,-6.287276745E-3,3.055727482E-2,1.691141129E-1,1.719676134E-1
6.070384125E0,-1.662096381E-2,1.493809372E-2,1.629800797E-1,1.645050438E-1
6.075404646E0,-7.874727249E-3,-5.350723863E-3,1.426515579E-1,1.429689076E-1
6.080425166E0,-3.899455070E-3,7.714059204E-3,1.224908829E-1,1.227954757E-1
6.085445687E0,-4.254078865E-2,1.122215390E-2,1.119899750E-1,1.203221091E-1
6.090466208E0,-3.807252645E-2,1.955170557E-2,9.682750702E-2,1.058647844E-1
6.095486729E0,-1.944652200E-2,2.327155694E-2,1.055364609E-1,1.098074549E-1
6.100507250E0,-3.416448832E-2,3.655780852E-2,9.992599487E-2,1.117537027E-1
6.105527771E0,-5.820527673E-2,2.134644985E-2,8.961296082E-2,1.089679215E-1
6.110548291E0,-5.350330472E-2,6.468329579E-3,8.888244629E-2,1.039448515E-1
6.115568812E0,-2.494451404E-2,1.081050560E-2,1.023988724E-1,1.059463302E-1
6.120589333E0,-2.986353636E-2,1.511462033E-2,1.158027649E-1,1.205427846E-1
6.125609854E0,-1.094767451E-2,1.458499581E-2,1.290922165E-1,1.303739776E-1
6.130630375E0,-2.537775040E-2,4.511546344E-3,1.327724457E-1,1.352512721E-1
6.135650896E0,-3.973880410E-2,1.351599023E-2,1.364240646E-1,1.427353494E-1
6.140671416E0,-3.508830070E-2,-6.043806672E-3,1.163063049E-1,1.216341770E-1
6.145691937E0,-3.037443757E-2,7.796999067E-3,1.105976105E-1,1.149575187E-1
6.150712458E0,-2.575114369E-2,7.379345596E-3,1.049385071E-1,1.083035845E-1
6.155732979E0,-1.646912098E-2,-7.229145616E-3,1.088266373E-1,1.103028987E-1
6.160753500E0,-1.655688882E-2,-1.686683670E-2,8.893203735E-2,9.201917200E-2
6.165774021E0,-2.614066005E-2,-1.677170396E-2,9.769535065E-2,1.025134416E-1
6.170794541E0,-6.999909878E-3,2.470318228E-3,9.688377380E-2,9.716772528E-2
6.175815062E0,-1.171022654E-2,7.407117635E-3,7.233619690E-2,7.365134200E-2
6.180835583E0,-1.638129354E-2,2.190226316E-2,7.648468018E-2,8.122784136E-2
6.185856104E0,2.728492022E-3,2.218116075E-2,5.210876465E-2,5.669895867E-2
6.190876625E0,7.536590099E-3,3.216343001E-2,5.642414093E-2,6.538325550E-2
6.195897146E0,2.857923508E-3,1.366848126E-2,4.645729065E-2,4.851056546E-2
6.200917666E0,1.266875863E-2,1.927518472E-2,2.706909180E-2,3.556354766E-2
6.205938187E0,-5.991041660E-3,5.347809196E-2,3.091812134E-3,5.390137477E-2
6.210958708E0,-5.244791508E-3,4.966609180E-2,-1.699447632E-3,4.997115803E-2
6.215979229E0,5.521476269E-4,3.659939766E-2,2.203083038E-2,4.272210509E-2
6.220999750E0,-1.253941655E-2,2.839013189E-2,4.080963135E-2,5.127048436E-2
6.226020271E0,-1.576825976E-2,1.359686255E-3,6.417274475E-2,6.609559692E-2
6.231040791E0,-2.366739511E-2,-3.489113599E-2,1.063337326E-1,1.143870607E-1
6.236061312E0,-3.160348535E-2,-3.790956736E-2,1.386480331E-1,1.471706244E-1
6.241081833E0,-5.387181044E-2,-4.095030576E-2,1.706991196E-1,1.836226809E-1
6.246102354E0,-6.176051497E-2,-5.841787159E-2,1.929864883E-1,2.108809940E-1
6.251122875E0,-5.559423566E-2,-7.604737580E-2,1.961021423E-1,2.175545280E-1
6.256143396E0,-6.403324008E-2,-7.004729658E-2,2.039489746E-1,2.249490250E-1
6.261163916E0,-5.376574397E-2,-5.025669932E-2,2.164878845E-1,2.286558444E-1
6.266184437E0,-6.288680434E-2,-2.629826963E-2,2.384271622E-1,2.479795572E-1
6.271204958E0,-3.889685869E-2,-2.178660035E-2,2.174520493E-1,2.219752583E-1
6.276225479E0,-2.470731735E-2,-1.762412488E-2,1.776599884E-1,1.802335507E-1
6.281246000E0,-2.498385310E-2,6.994754076E-4,1.429500580E-1,1.451185765E-1
6.286266521E0,-1.586422324E-2,2.356564999E-2,1.322746277E-1,1.352907631E-1
6.291287041E0,-6.718724966E-3,4.164317250E-2,9.319591522E-2,1.022974765E-1
6.296307562E0,-7.146418095E-3,4.552990943E-2,5.919265747E-2,7.501876194E-2
6.301328083E0,-2.155852318E-2,4.025027156E-2,-7.773399353E-3,4.631716766E-2
6.306348604E0,-1.815118194E-1,1.087143719E-1,-1.451281548E0,1.466623157E0
6.311369125E0,-2.103068233E-1,3.078868985E-1,-3.789875031E0,3.808172271E0
6.316389646E0,2.911148667E-1,5.255317092E-1,-2.481302738E0,2.552997204E0
6.321410166E0,2.011409104E-1,4.332367480E-1,-7.706623077E-1,9.066819388E-1
6.326430687E0,-1.655897498E-2,-5.888752639E-2,2.418613434E-1,2.494771529E-1
6.331451208E0,1.759369522E-1,-5.172363520E-1,1.597383499E0,1.688230227E0
6.336471729E0,1.666535884E-1,-5.977626443E-1,3.036701202E0,3.099459274E0
6.341492250E0,-1.995876431E-1,-4.137565494E-1,3.808896065E0,3.836498266E0
6.346512771E0,-4.078457355E-1,-3.200421631E-1,3.603227615E0,3.640331630E0
6.351533291E0,-4.471149445E-1,-2.485403121E-1,2.551586151E0,2.602359688E0
6.356553812E0,-4.286122024E-1,-5.280524492E-2,1.090239525E0,1.172654696E0
6.361574333E0,-2.410746962E-1,1.639851034E-1,-1.969251633E-1,3.518346816E-1
6.366594854E0,8.782199025E-2,2.494427264E-1,-9.994287491E-1,1.033824066E0
6.371615375E0,3.573866189E-1,1.792571247E-1,-1.365902901E0,1.423217849E0
6.376635896E0,5.031702518E-1,-3.773996979E-2,-1.287467003E0,1.382814482E0
6.381656416E0,5.152919292E-1,-2.112599611E-1,-7.455663681E-1,9.306050466E-1
6.386676937E0,3.233384788E-1,-2.278263718E-1,8.238315582E-2,4.040292216E-1
6.391697458E0,-1.065453887E-2,-1.936219037E-1,7.466487885E-1,7.714190651E-1
6.396717979E0,-3.574686348E-1,-1.173507273E-1,6.880569458E-1,7.842049342E-1
6.401738500E0,-4.953684211E-1,1.364502013E-1,3.380279541E-1,6.150377450E-1
6.406759021E0,-4.730137587E-1,2.769563794E-1,-6.536483765E-3,5.481692965E-1
6.411779541E0,-3.891685009E-1,2.518175542E-1,-2.930850983E-1,5.484187064E-1
